path,status,v25_sha256,new_sha256
.cache/matplotlib/fontlist-v390.json,unchanged,4f9ec309060f9e924d85ab8de748aca4f9893767878602ea641a7d10e7b6e922,4f9ec309060f9e924d85ab8de748aca4f9893767878602ea641a7d10e7b6e922
.cache/R/library/cli/DESCRIPTION,modified,09d3635c141c7fa83a9341041e9fdd70477851b2cb63a9a9f1031441e0e90f6b,b82483a3ec5e033c3315657f88920aa4788ecf6f2bcb96f503d3f5d116dd0997
.cache/R/library/cli/examples/apps/news.R,unchanged,05bdee7e9dc6e7f7ebcd6e75465683ad8cc04e955bc859bc642a6a2190ad08a3,05bdee7e9dc6e7f7ebcd6e75465683ad8cc04e955bc859bc642a6a2190ad08a3
.cache/R/library/cli/examples/apps/outdated.R,unchanged,3f90be0bfcd7777d6f6e1c07493196cf8541ec664fa188cb1a1c38bba0f1cf9e,3f90be0bfcd7777d6f6e1c07493196cf8541ec664fa188cb1a1c38bba0f1cf9e
.cache/R/library/cli/examples/apps/search.R,unchanged,ba9210010a9362c190a29ebabf80bcde3c52efc423c75097e5c0915d02af792d,ba9210010a9362c190a29ebabf80bcde3c52efc423c75097e5c0915d02af792d
.cache/R/library/cli/examples/apps/up.R,unchanged,57341466c92f3fede182444a98e6373c0da99d0c633750a8925a0f1f10852915,57341466c92f3fede182444a98e6373c0da99d0c633750a8925a0f1f10852915
.cache/R/library/cli/exec/news.R,unchanged,05bdee7e9dc6e7f7ebcd6e75465683ad8cc04e955bc859bc642a6a2190ad08a3,05bdee7e9dc6e7f7ebcd6e75465683ad8cc04e955bc859bc642a6a2190ad08a3
.cache/R/library/cli/exec/outdated.R,unchanged,a18b3b707caaec2a1ee971671c875f7d30e3350b0fd2da3978573b55d561d2c0,a18b3b707caaec2a1ee971671c875f7d30e3350b0fd2da3978573b55d561d2c0
.cache/R/library/cli/exec/search.R,unchanged,a1d18b183903166867037fa1e9f5ba3ba18846e1969f56146e081bb9a8baa389,a1d18b183903166867037fa1e9f5ba3ba18846e1969f56146e081bb9a8baa389
.cache/R/library/cli/exec/up.R,unchanged,21d31f71de61027bb689e801c5fa56919b34bc31162aa037c9cd95e024c26ece,21d31f71de61027bb689e801c5fa56919b34bc31162aa037c9cd95e024c26ece
.cache/R/library/cli/help/aliases.rds,added,,30d0f59c0c86457f1db7d3bf6584700092be20b51205131336fcb7b76c8101dc
.cache/R/library/cli/help/AnIndex,added,,1bda2534ff6a714075c6bc893b6bf5c9bfc696cf787ff29f45f424670809f84e
.cache/R/library/cli/help/cli.rdb,added,,e4788aefb125527880b49d91e3e25a902574f49eb050da265e2fe346e352a1ec
.cache/R/library/cli/help/cli.rdx,added,,e303b49438949372224df47f2d09f43389c19fa53318481e729cc4ac2018095d
.cache/R/library/cli/help/figures/demo-spinners.svg,added,,8df4c877ab100c3134be50680d370bbf4a356b28ee049bf613059dfbc7c0465e
.cache/R/library/cli/help/figures/get-spinner.svg,added,,17ca5fe65da9605e9ace13df0096e4ac0f1c3bb2bd711e55072b8e088a39ba62
.cache/R/library/cli/help/figures/make-spinner-custom.svg,added,,ab861338debd65238a6717bd84c7b84c94a5495c85bc3453bb2713fa154cc776
.cache/R/library/cli/help/figures/make-spinner-default.svg,added,,e479421cafe23980b4b37a84eced3f1c88741f7068e9771c3662ff51ec16aa51
.cache/R/library/cli/help/figures/make-spinner-template.svg,added,,b46ecee4b9657785c74e55c22eaab2633ff69343db4a362bdc8ed2f09e69d121
.cache/R/library/cli/help/figures/progress-1.svg,added,,742e8f8fc79c34bdc37dfc88ad461031731199871100f14d5ebbe8dffcf099af
.cache/R/library/cli/help/figures/progress-after.svg,added,,5a4cd4afde89c972bdb6ef1989e2cf737208ad9cbd78efd86b26294732999b1d
.cache/R/library/cli/help/figures/progress-along-1.svg,added,,34dcae1616f04ca55a6b0938c74842876f316d0fa3d505532fa1161391e393a3
.cache/R/library/cli/help/figures/progress-along-2.svg,added,,8a7a3f17bca76922f24abb28a48f0ef6a8702e624bae8fd8ce6198a78eaf5d8d
.cache/R/library/cli/help/figures/progress-along-3.svg,added,,5d69856c397029dfe8d9170aef3c2580a5ab697dbf18fd98c50c071839262294
.cache/R/library/cli/help/figures/progress-clear.svg,added,,5ab6580227aaff9618e99a277df4c99e3f1ff5c3bf042ec734281c836d05f13e
.cache/R/library/cli/help/figures/progress-current.svg,added,,1f7291ad2a6d99bc9978210ac909480b342c6bd4ab54af7b033de77022fc0098
.cache/R/library/cli/help/figures/progress-format.svg,added,,ff408dc0f5d15d17cbd4c804686a40136b5ea80b5f06731f117f07d7c95c2028
.cache/R/library/cli/help/figures/progress-message.svg,added,,b6b906c3ed944ecffa268aad00f791caaf5b9c3ab057c88a634a9facbb0d93e9
.cache/R/library/cli/help/figures/progress-natotal.svg,added,,d99b4c863cad41092959f427ef213f43e0bf3b559a05995c738d5db285a57e6c
.cache/R/library/cli/help/figures/progress-output.svg,added,,333fb49c9d3537e6b9433949129ba7a4b93c0a5713947cb209d6e94265a558b0
.cache/R/library/cli/help/figures/progress-output2.svg,added,,ed441c513e9ca19ed3288e84213410d76d19f99178b3f06e050c9f9e7fba1697
.cache/R/library/cli/help/figures/progress-step-dynamic.svg,added,,1432cced693fea1c20e63b5db98bfa6fb4c9e3f7ebe750ffcebd62b4e387de2f
.cache/R/library/cli/help/figures/progress-step-msg.svg,added,,e588ba95c616c36ec353fa705161252dc3d26602481769e727d028310d4c793d
.cache/R/library/cli/help/figures/progress-step-spin.svg,added,,df2099e0f67894fc2e1d02e99943825e3d8f3ce9d29c40ce8afddc94b1344d7c
.cache/R/library/cli/help/figures/progress-step.svg,added,,7776c76b0586a811777bf047a5f37b37ce5aaf620bfecf6b7c75264fe7e81496
.cache/R/library/cli/help/figures/progress-tasks.svg,added,,1c69a60f62b6d4cdcecd6729146ac5cf1088b12c4c1f61990fbd4f96fcad558a
.cache/R/library/cli/help/paths.rds,added,,83343b37af9c6194507129120305231bd754036d7422eed3299832f6637c774e
.cache/R/library/cli/html/00Index.html,added,,7d434ab87db2af6ad8f6eaf7bf33e512f4a79214f0451944b7c5b4bb8a3ff705
.cache/R/library/cli/html/R.css,added,,3d290675266eebeba6efff07db879d699843c80bf428f9e71000e2fc6078f5db
.cache/R/library/cli/include/cli/progress.h,added,,c6e4fdfcd2c8bfecf181a9e84f2ee89897ebeae82d964faa55a71d0b764849b1
.cache/R/library/cli/INDEX,unchanged,514ede455848c919de882c771d9bbf2c44f4a29f8725121932fa391131c3ac9b,514ede455848c919de882c771d9bbf2c44f4a29f8725121932fa391131c3ac9b
.cache/R/library/cli/libs/x64/cli.dll,modified,479cd3b373564f9ce3fa2d82dbbbbf0eea7f23b70b627748eff55ab91ff8263d,afc9e10865dae993dad71311e1219b4bdc24973a1732bcd7e8179aa3f632efac
.cache/R/library/cli/libs/x64/symbols.rds,unchanged,bec6519046bff1f6021df95289b8b255648a967edd100a1818f1426e72f42a04,bec6519046bff1f6021df95289b8b255648a967edd100a1818f1426e72f42a04
.cache/R/library/cli/LICENSE,unchanged,7ca9da25537a5e7e628150a0e6e60de2eaad6c4d5f2d64e4cc63e75aa053e591,7ca9da25537a5e7e628150a0e6e60de2eaad6c4d5f2d64e4cc63e75aa053e591
.cache/R/library/cli/logo.txt,unchanged,09754cf35ed9f7a49824f564701b1182fbb92e85cffea94386ba0508a7815e2a,09754cf35ed9f7a49824f564701b1182fbb92e85cffea94386ba0508a7815e2a
.cache/R/library/cli/MD5,modified,083d79651e389578ef8e8a3e31d5b8f7e2c3ab52d655df1af9b6df6b3635bdbc,f93715fef61cd0feecae9930b1512969f563983f371bbfcb9c2d8d88aaf91ba9
.cache/R/library/cli/Meta/features.rds,unchanged,efeebf7eda733834b9094906a02c7b94f3350038f22ba031ec9e1f29da466faa,efeebf7eda733834b9094906a02c7b94f3350038f22ba031ec9e1f29da466faa
.cache/R/library/cli/Meta/hsearch.rds,unchanged,96d881a34333e4d37330e6394a78174342eeb13548f158aca32fdffa1661a0e9,96d881a34333e4d37330e6394a78174342eeb13548f158aca32fdffa1661a0e9
.cache/R/library/cli/Meta/links.rds,unchanged,4e50975de7cff82c80927772aa8e812011805a99e96d44b89a9aa07f694aedef,4e50975de7cff82c80927772aa8e812011805a99e96d44b89a9aa07f694aedef
.cache/R/library/cli/Meta/nsInfo.rds,unchanged,18c3bb751ecfff28dafc1c0346ae69669fe97d8c512ebe1a2f4c42ede31f7525,18c3bb751ecfff28dafc1c0346ae69669fe97d8c512ebe1a2f4c42ede31f7525
.cache/R/library/cli/Meta/package.rds,modified,b7ae914426f3fbe4e9bc22988a3d8d837e9462532ed04359863f656cd6946cc5,f80630f9b94365cc86523fcac6d23544782faa941701f215e5d637582a6754ed
.cache/R/library/cli/Meta/Rd.rds,unchanged,26020e600d55f898d5a30f717b80fd1dd79bad7b6d1c2c66344b106907b74e35,26020e600d55f898d5a30f717b80fd1dd79bad7b6d1c2c66344b106907b74e35
.cache/R/library/cli/NAMESPACE,unchanged,6c2ee2e8cd37d2b36d8a39afcf17ae9187db19dcbbc8b6ea845f2e32b2a9ff57,6c2ee2e8cd37d2b36d8a39afcf17ae9187db19dcbbc8b6ea845f2e32b2a9ff57
.cache/R/library/cli/NEWS.md,unchanged,df8905d707942af67f83510f0505ab1b0bd874685debbd4ce31e57a90fe6dba4,df8905d707942af67f83510f0505ab1b0bd874685debbd4ce31e57a90fe6dba4
.cache/R/library/cli/R/cli,unchanged,570ca456b280cdeb201ef5ebdf22dc8f80092e2c0c68e33c7f73340e420f3759,570ca456b280cdeb201ef5ebdf22dc8f80092e2c0c68e33c7f73340e420f3759
.cache/R/library/cli/R/cli.rdb,modified,941fa72409ee1940df2e71d50d6b7da2d66d8ccf436e1a80008665543705741b,bec2f353943829c1ab1a667ce0ba0ca215ac6f308f5bbc0388b647216036809d
.cache/R/library/cli/R/cli.rdx,modified,bbd4dc681e1f36522dbcf1f21c7cc8608f68453641288e4b03ee15ae9078c411,c930811c333fd45ba9c88da17866df31b968be0c6280f2da2e541fa978fb7392
.cache/R/library/cli/R/sysdata.rdb,unchanged,cbdc1ffdf3b971f6c80a94006490530198a738b43d41d0fcfc872db5eab67df9,cbdc1ffdf3b971f6c80a94006490530198a738b43d41d0fcfc872db5eab67df9
.cache/R/library/cli/R/sysdata.rdx,unchanged,9a6834a12cb55c1afbde3f6205832542a8b72bf0007231e282e20dac1295f673,9a6834a12cb55c1afbde3f6205832542a8b72bf0007231e282e20dac1295f673
.cache/R/library/cli/README.md,unchanged,564a4e5895de0c0cec56a00d7104ee44f449d7bde5f16f7c3a878f62bbb3c62d,564a4e5895de0c0cec56a00d7104ee44f449d7bde5f16f7c3a878f62bbb3c62d
.cache/R/library/cli/shiny/along/app.R,unchanged,51a9aaf8e0e00448927671f919a727b8bdcb13d5ae590d4d6778b30e7e992a98,51a9aaf8e0e00448927671f919a727b8bdcb13d5ae590d4d6778b30e7e992a98
.cache/R/library/cli/shiny/format/app.R,unchanged,46a329659914406a6c71844b073eb477bd93ba053b1cebe930bd9b130b60d953,46a329659914406a6c71844b073eb477bd93ba053b1cebe930bd9b130b60d953
.cache/R/library/cli/shiny/nested/app.R,unchanged,35519e3c28f69d286b78928747e8a593de40f9ff69c209bbd64923f3d920ceb9,35519e3c28f69d286b78928747e8a593de40f9ff69c209bbd64923f3d920ceb9
.cache/R/library/cli/shiny/output/app.R,unchanged,9c23fad5619c9fcd5b33dae2d3988190195fa2f15bc3b1408e1d568c685874c3,9c23fad5619c9fcd5b33dae2d3988190195fa2f15bc3b1408e1d568c685874c3
.cache/R/library/cli/shiny/simple/app.R,unchanged,3b68df9212517319e1ffe5d1885173c9465fab44f964019b6e5a043551eec93c,3b68df9212517319e1ffe5d1885173c9465fab44f964019b6e5a043551eec93c
.cache/R/library/coda/AUTHORS,unchanged,994ed119fae51c0e8c62c658210f30943da677ed2402d4faac3e257b030fdcfd,994ed119fae51c0e8c62c658210f30943da677ed2402d4faac3e257b030fdcfd
.cache/R/library/coda/CITATION,unchanged,69138ae397bc00da5a89e7478c887652bda4985ed6fc794c460307a00d482c82,69138ae397bc00da5a89e7478c887652bda4985ed6fc794c460307a00d482c82
.cache/R/library/coda/data/line.rda,unchanged,21c4fbeebca779f829333c8c03bb3d657e6cd6ebefb99c9a9b7fbe53ba3265c9,21c4fbeebca779f829333c8c03bb3d657e6cd6ebefb99c9a9b7fbe53ba3265c9
.cache/R/library/coda/DESCRIPTION,unchanged,999934cdabbe72ea4f4d446190d6df4060a2fe137ac86f232c1ceee8fa3adb2c,999934cdabbe72ea4f4d446190d6df4060a2fe137ac86f232c1ceee8fa3adb2c
.cache/R/library/coda/INDEX,unchanged,bb73db84f220986fa780fd835a39c865000d9af7b923e99db8cf602b46458325,bb73db84f220986fa780fd835a39c865000d9af7b923e99db8cf602b46458325
.cache/R/library/coda/MD5,unchanged,38a4c1391ca55d97d2097a9599940cd0de8121b122798be07c1d6ca9fa5d9578,38a4c1391ca55d97d2097a9599940cd0de8121b122798be07c1d6ca9fa5d9578
.cache/R/library/coda/Meta/data.rds,unchanged,b987eeafbea34071d49b787e7c12f1402fc6e5499a4ec6e6d76e3f2246c0022c,b987eeafbea34071d49b787e7c12f1402fc6e5499a4ec6e6d76e3f2246c0022c
.cache/R/library/coda/Meta/features.rds,unchanged,efeebf7eda733834b9094906a02c7b94f3350038f22ba031ec9e1f29da466faa,efeebf7eda733834b9094906a02c7b94f3350038f22ba031ec9e1f29da466faa
.cache/R/library/coda/Meta/hsearch.rds,unchanged,022a3212eb08ca6623d4f616c8deac205ae0efe35038d011d97ef34883aba0ff,022a3212eb08ca6623d4f616c8deac205ae0efe35038d011d97ef34883aba0ff
.cache/R/library/coda/Meta/links.rds,unchanged,bdc66a29e2d01f911324c31b32816449ac13670e59c59a3a5fc34b4408b7d5df,bdc66a29e2d01f911324c31b32816449ac13670e59c59a3a5fc34b4408b7d5df
.cache/R/library/coda/Meta/nsInfo.rds,unchanged,589b584ea8d398d28aa737c7d884bd155687baf27faf41314fc6e77404209d88,589b584ea8d398d28aa737c7d884bd155687baf27faf41314fc6e77404209d88
.cache/R/library/coda/Meta/package.rds,unchanged,dd9dd2a8c83a7a978fbb09b764a3ec037e1848bd3f5e14468f35700eae01918e,dd9dd2a8c83a7a978fbb09b764a3ec037e1848bd3f5e14468f35700eae01918e
.cache/R/library/coda/Meta/Rd.rds,unchanged,bbcaf1eecc6a86ff1093830db43b712396af06d7562eafbf9e8428a5551d99db,bbcaf1eecc6a86ff1093830db43b712396af06d7562eafbf9e8428a5551d99db
.cache/R/library/coda/NAMESPACE,unchanged,42b73f102ed9931f007d4187636a754a0f024fbd32b431e7705783b5ea31954f,42b73f102ed9931f007d4187636a754a0f024fbd32b431e7705783b5ea31954f
.cache/R/library/coda/R/coda,unchanged,570ca456b280cdeb201ef5ebdf22dc8f80092e2c0c68e33c7f73340e420f3759,570ca456b280cdeb201ef5ebdf22dc8f80092e2c0c68e33c7f73340e420f3759
.cache/R/library/coda/R/coda.rdb,unchanged,f495c8596da19342c8c5e5f0e46fc6f72aad83a417af6490eb9a5ff74639a607,f495c8596da19342c8c5e5f0e46fc6f72aad83a417af6490eb9a5ff74639a607
.cache/R/library/coda/R/coda.rdx,unchanged,318313c2eb10c89c10c739af03b4051388e834de1e69a795babdc92a5567f1d0,318313c2eb10c89c10c739af03b4051388e834de1e69a795babdc92a5567f1d0
.cache/R/library/cubature/DESCRIPTION,unchanged,fd58ec28331d0c4a2fbfcd54abe5c931475c6a4e86ad49af70ce6f60eafc6271,fd58ec28331d0c4a2fbfcd54abe5c931475c6a4e86ad49af70ce6f60eafc6271
.cache/R/library/cubature/INDEX,unchanged,66b3e1d908f8eb6b4d2d7d9b6ed00f75e072fa4dfdbcf8695cc23dc4e540dc2e,66b3e1d908f8eb6b4d2d7d9b6ed00f75e072fa4dfdbcf8695cc23dc4e540dc2e
.cache/R/library/cubature/libs/x64/cubature.dll,unchanged,12a5343f630d261f4591770adabfeb7298f1bbc36299dc55c81e5a4173490864,12a5343f630d261f4591770adabfeb7298f1bbc36299dc55c81e5a4173490864
.cache/R/library/cubature/libs/x64/symbols.rds,unchanged,814fd79bda281917898ca892228d3c99f60e5bae2e2a0b172c0cfb443eccd8cf,814fd79bda281917898ca892228d3c99f60e5bae2e2a0b172c0cfb443eccd8cf
.cache/R/library/cubature/MD5,unchanged,6ec552a65035fce38bb7ac4a9e0c96b7010a1cf746253b174e99725ea06c4979,6ec552a65035fce38bb7ac4a9e0c96b7010a1cf746253b174e99725ea06c4979
.cache/R/library/cubature/Meta/features.rds,unchanged,efeebf7eda733834b9094906a02c7b94f3350038f22ba031ec9e1f29da466faa,efeebf7eda733834b9094906a02c7b94f3350038f22ba031ec9e1f29da466faa
.cache/R/library/cubature/Meta/hsearch.rds,unchanged,06d5aff3b1705ace838447298961260a674682c772c36ae33bf72e7fb40a5bae,06d5aff3b1705ace838447298961260a674682c772c36ae33bf72e7fb40a5bae
.cache/R/library/cubature/Meta/links.rds,unchanged,112d7a69ffc2bf2ecedc8b62185e45329ec5b8dad49b40e77640308747361730,112d7a69ffc2bf2ecedc8b62185e45329ec5b8dad49b40e77640308747361730
.cache/R/library/cubature/Meta/nsInfo.rds,unchanged,d9e9b965b2c9b819408a891bae0366130831d20b41b3216d0347f2d1719ca665,d9e9b965b2c9b819408a891bae0366130831d20b41b3216d0347f2d1719ca665
.cache/R/library/cubature/Meta/package.rds,unchanged,72fa3b268940c356f1cc488b7181255b6bd20665a9e1aa48bb711c186c20f32d,72fa3b268940c356f1cc488b7181255b6bd20665a9e1aa48bb711c186c20f32d
.cache/R/library/cubature/Meta/Rd.rds,unchanged,d0238618d13e8920312df4834a1d4b390a07c7ba305ad62d7fbbb33ad7d24f69,d0238618d13e8920312df4834a1d4b390a07c7ba305ad62d7fbbb33ad7d24f69
.cache/R/library/cubature/Meta/vignette.rds,unchanged,cebb70cce3f9efdc3cce14df9eaab26fdcf6228e8054aceeef98ecb5aedc5a39,cebb70cce3f9efdc3cce14df9eaab26fdcf6228e8054aceeef98ecb5aedc5a39
.cache/R/library/cubature/NAMESPACE,unchanged,e5cfe682461f077f3226c67edb70f08ffd171d241eea19ce9ab97facd0b08906,e5cfe682461f077f3226c67edb70f08ffd171d241eea19ce9ab97facd0b08906
.cache/R/library/cubature/NEWS.md,unchanged,8bbbe01e2edc5de60d156f6ba1e52fc6b2ebb9ffb1d5a60b41ae4996f86df2eb,8bbbe01e2edc5de60d156f6ba1e52fc6b2ebb9ffb1d5a60b41ae4996f86df2eb
.cache/R/library/cubature/R/cubature,unchanged,570ca456b280cdeb201ef5ebdf22dc8f80092e2c0c68e33c7f73340e420f3759,570ca456b280cdeb201ef5ebdf22dc8f80092e2c0c68e33c7f73340e420f3759
.cache/R/library/cubature/R/cubature.rdb,unchanged,d68975afd9cd1a0ff71ab4f3bb3ca3bc5bc24c69dc464a20f6269af192cf05ff,d68975afd9cd1a0ff71ab4f3bb3ca3bc5bc24c69dc464a20f6269af192cf05ff
.cache/R/library/cubature/R/cubature.rdx,unchanged,431b706ed2e997a340bfc78d55c0442ce212075fed142893dc79085eee90dd46,431b706ed2e997a340bfc78d55c0442ce212075fed142893dc79085eee90dd46
.cache/R/library/cubature/README.md,unchanged,92f16e2e21cd1272e710b2f1392cc01fd624742234355b260fbf5fcf1c3baea4,92f16e2e21cd1272e710b2f1392cc01fd624742234355b260fbf5fcf1c3baea4
.cache/R/library/data.table/cc,unchanged,b3fe4db1db5bdba0a63e745db9b4e0bc8371db98485b2dac02e99b8f6193b6f1,b3fe4db1db5bdba0a63e745db9b4e0bc8371db98485b2dac02e99b8f6193b6f1
.cache/R/library/data.table/DESCRIPTION,unchanged,531518322856619f05bb2302e6b607bbab07ee4c00de97edcd7e4605c2b848cf,531518322856619f05bb2302e6b607bbab07ee4c00de97edcd7e4605c2b848cf
.cache/R/library/data.table/INDEX,unchanged,88dc51e26b593223c9afc1a99a0974631a8799d67bbf340d4f95c38f0bf747ee,88dc51e26b593223c9afc1a99a0974631a8799d67bbf340d4f95c38f0bf747ee
.cache/R/library/data.table/libs/x64/data_table.dll,unchanged,17a9b06a508d6fa76470f0a1c2e1d511a6553b065b36123e54efb99654b65224,17a9b06a508d6fa76470f0a1c2e1d511a6553b065b36123e54efb99654b65224
.cache/R/library/data.table/libs/x64/symbols.rds,unchanged,effe6d3d7c6be0ff75b7ecc70ab633249cf564cbadc16a999bd8fa45a132fad2,effe6d3d7c6be0ff75b7ecc70ab633249cf564cbadc16a999bd8fa45a132fad2
.cache/R/library/data.table/LICENSE,unchanged,fab3dd6bdab226f1c08630b1dd917e11fcb4ec5e1e020e2c16f83a0a13863e85,fab3dd6bdab226f1c08630b1dd917e11fcb4ec5e1e020e2c16f83a0a13863e85
.cache/R/library/data.table/MD5,unchanged,b5616c2ee1be92fd168b14032f274d8f6bd263270c0e9ef9f04bfb69f1d0de6d,b5616c2ee1be92fd168b14032f274d8f6bd263270c0e9ef9f04bfb69f1d0de6d
.cache/R/library/data.table/Meta/features.rds,unchanged,efeebf7eda733834b9094906a02c7b94f3350038f22ba031ec9e1f29da466faa,efeebf7eda733834b9094906a02c7b94f3350038f22ba031ec9e1f29da466faa
.cache/R/library/data.table/Meta/hsearch.rds,unchanged,86f84fa8a3fb999c42c14b99c2795b7fce451a0917445cadb1da3b65b5683a29,86f84fa8a3fb999c42c14b99c2795b7fce451a0917445cadb1da3b65b5683a29
.cache/R/library/data.table/Meta/links.rds,unchanged,d5a1a62fa2f253bc777723264b0fbcb0a31079938d159a44db4d5157c0517e1f,d5a1a62fa2f253bc777723264b0fbcb0a31079938d159a44db4d5157c0517e1f
.cache/R/library/data.table/Meta/nsInfo.rds,unchanged,36b056d42dac93e923b6223803cb91e26e9a51af77df3fc69848bd8d86fe5c34,36b056d42dac93e923b6223803cb91e26e9a51af77df3fc69848bd8d86fe5c34
.cache/R/library/data.table/Meta/package.rds,unchanged,5d0fdb79fbbd9456be3ab601cc50c0a9532a4ac0a02dfce736a8f1397290d5ce,5d0fdb79fbbd9456be3ab601cc50c0a9532a4ac0a02dfce736a8f1397290d5ce
.cache/R/library/data.table/Meta/Rd.rds,unchanged,9848ea1e865ec869c68abbfd309d0d5a552a0cc918448b2664b2c2fe74a6be36,9848ea1e865ec869c68abbfd309d0d5a552a0cc918448b2664b2c2fe74a6be36
.cache/R/library/data.table/Meta/vignette.rds,unchanged,9de914f43aef2d4ceed5d1973ff127e67135d94ae888d1c7bdd3cf9b1491282d,9de914f43aef2d4ceed5d1973ff127e67135d94ae888d1c7bdd3cf9b1491282d
.cache/R/library/data.table/NAMESPACE,unchanged,d882cda8bd7ef0469137beb6188b6c14dfd61a2ba3917c3627b2e99f1d2cd69d,d882cda8bd7ef0469137beb6188b6c14dfd61a2ba3917c3627b2e99f1d2cd69d
.cache/R/library/data.table/NEWS.md,unchanged,b3999bc1e155154e43ca8159af5303a4668645503dc51b7070a5823bf5a98b5b,b3999bc1e155154e43ca8159af5303a4668645503dc51b7070a5823bf5a98b5b
.cache/R/library/data.table/R/data.table,unchanged,570ca456b280cdeb201ef5ebdf22dc8f80092e2c0c68e33c7f73340e420f3759,570ca456b280cdeb201ef5ebdf22dc8f80092e2c0c68e33c7f73340e420f3759
.cache/R/library/data.table/R/data.table.rdb,unchanged,8e61f2b1836937ba3a5845ce04b99571570ee8b8fbbebcc68ef474c68fcba2cd,8e61f2b1836937ba3a5845ce04b99571570ee8b8fbbebcc68ef474c68fcba2cd
.cache/R/library/data.table/R/data.table.rdx,unchanged,dca631d8245632251cc95b44705102f5e3efc6ae88d840e35f3844ea89bc44b6,dca631d8245632251cc95b44705102f5e3efc6ae88d840e35f3844ea89bc44b6
.cache/R/library/data.table/README.md,unchanged,de184801107c8ccfcc2d7080ed0ff8bba3b47aa3d698d3dea8d456bb2e7a6eba,de184801107c8ccfcc2d7080ed0ff8bba3b47aa3d698d3dea8d456bb2e7a6eba
.cache/R/library/digest/CITATION,unchanged,472ecc524a96bfb425d32169fc6450828f88f97ffaf20533c31b4eddef18a344,472ecc524a96bfb425d32169fc6450828f88f97ffaf20533c31b4eddef18a344
.cache/R/library/digest/DESCRIPTION,unchanged,ca372eed95663f9fb2d49e49e29855e5d44ae5878b2a1e2c7b38409234129ce1,ca372eed95663f9fb2d49e49e29855e5d44ae5878b2a1e2c7b38409234129ce1
.cache/R/library/digest/GPL-2,unchanged,8177f97513213526df2cf6184d8ff986c675afb514d4e68a404010521b880643,8177f97513213526df2cf6184d8ff986c675afb514d4e68a404010521b880643
.cache/R/library/digest/INDEX,unchanged,d5ee27eec2505abd9acbacfd0fad909558ea030570e589c3de76d26cd236445b,d5ee27eec2505abd9acbacfd0fad909558ea030570e589c3de76d26cd236445b
.cache/R/library/digest/libs/x64/digest.dll,unchanged,904f4e5149347447f209dfc4c5b4d14e3033daee92fcdebde64cc2a7a2276067,904f4e5149347447f209dfc4c5b4d14e3033daee92fcdebde64cc2a7a2276067
.cache/R/library/digest/libs/x64/symbols.rds,unchanged,8abaf7f2dd364f6fe7f1da52605522c0d510d6275db287c79aa4115843a7a150,8abaf7f2dd364f6fe7f1da52605522c0d510d6275db287c79aa4115843a7a150
.cache/R/library/digest/MD5,unchanged,4eb7f3bbd0a95df8509b8e9659de72d56adb32637114543d984ab0bd7c1af8d5,4eb7f3bbd0a95df8509b8e9659de72d56adb32637114543d984ab0bd7c1af8d5
.cache/R/library/digest/Meta/demo.rds,unchanged,1a4e100df5ed797a8ff230453db74ba96dd5f5e6f043ee59655048dd0e222b2e,1a4e100df5ed797a8ff230453db74ba96dd5f5e6f043ee59655048dd0e222b2e
.cache/R/library/digest/Meta/features.rds,unchanged,efeebf7eda733834b9094906a02c7b94f3350038f22ba031ec9e1f29da466faa,efeebf7eda733834b9094906a02c7b94f3350038f22ba031ec9e1f29da466faa
.cache/R/library/digest/Meta/hsearch.rds,unchanged,3387cd9e39a44c16e7008bfe41f7c0432e8c23824109badd65196de80b2f1409,3387cd9e39a44c16e7008bfe41f7c0432e8c23824109badd65196de80b2f1409
.cache/R/library/digest/Meta/links.rds,unchanged,a9114c7c4a8a3357f5ac9fef47d451717a87cb79497cca05a14939c253c55bd0,a9114c7c4a8a3357f5ac9fef47d451717a87cb79497cca05a14939c253c55bd0
.cache/R/library/digest/Meta/nsInfo.rds,unchanged,e52a4a490972985c70af19825e15882fa87b9150a4a079cb52d4ad9e8191b3c8,e52a4a490972985c70af19825e15882fa87b9150a4a079cb52d4ad9e8191b3c8
.cache/R/library/digest/Meta/package.rds,unchanged,bd705d4eaaec84f131dcca4cc896cd2f9e656a313ac05f6f1cf2621eb38db5f8,bd705d4eaaec84f131dcca4cc896cd2f9e656a313ac05f6f1cf2621eb38db5f8
.cache/R/library/digest/Meta/Rd.rds,unchanged,c765bc71635c9d6c322c80498a63708addd8b1baafda3fee8e8626745cfa6087,c765bc71635c9d6c322c80498a63708addd8b1baafda3fee8e8626745cfa6087
.cache/R/library/digest/Meta/vignette.rds,unchanged,14a3dd56a82aae8604f1b33e46205807c72db4228d51f03eff3a3345a77c55b9,14a3dd56a82aae8604f1b33e46205807c72db4228d51f03eff3a3345a77c55b9
.cache/R/library/digest/NAMESPACE,unchanged,59af728247a71e33aa313407ff9085abf31d284a463e58965e932dfecaf92ee2,59af728247a71e33aa313407ff9085abf31d284a463e58965e932dfecaf92ee2
.cache/R/library/digest/R/digest,unchanged,570ca456b280cdeb201ef5ebdf22dc8f80092e2c0c68e33c7f73340e420f3759,570ca456b280cdeb201ef5ebdf22dc8f80092e2c0c68e33c7f73340e420f3759
.cache/R/library/digest/R/digest.rdb,unchanged,88724406aca10d8625af2d945cd260dc0dfff914d4be9d2b840432757f28b6b0,88724406aca10d8625af2d945cd260dc0dfff914d4be9d2b840432757f28b6b0
.cache/R/library/digest/R/digest.rdx,unchanged,646b546604f662e7e73966e371cb6d7d58c5564e51eb1e13d0f7275c5edab6c0,646b546604f662e7e73966e371cb6d7d58c5564e51eb1e13d0f7275c5edab6c0
.cache/R/library/digest/README.md,unchanged,46829b782062dd3ff106763d57b91f83388c57a0c730f898581a981424defb02,46829b782062dd3ff106763d57b91f83388c57a0c730f898581a981424defb02
.cache/R/library/digest/tinytest/test_aes.R,unchanged,cab0c5c92a5c8ca60e1cec177c05b18d1d2442d48e999a967214ae8c3548b239,cab0c5c92a5c8ca60e1cec177c05b18d1d2442d48e999a967214ae8c3548b239
.cache/R/library/digest/tinytest/test_blake3.R,unchanged,8132d0e368dbb84d50327c9ccf5914629e6b24ea48e4563560d64f4431c1de24,8132d0e368dbb84d50327c9ccf5914629e6b24ea48e4563560d64f4431c1de24
.cache/R/library/digest/tinytest/test_crc32.R,unchanged,208aa7505793b4c71a8f5747eb8ff7f9cb1b55d772eba99138e6890029cc69d9,208aa7505793b4c71a8f5747eb8ff7f9cb1b55d772eba99138e6890029cc69d9
.cache/R/library/digest/tinytest/test_digest.R,unchanged,3f9e71be0e40f1908b5960dd65eb8a73942832c2fce2b24d8b0022b7cf0b32cf,3f9e71be0e40f1908b5960dd65eb8a73942832c2fce2b24d8b0022b7cf0b32cf
.cache/R/library/digest/tinytest/test_digest2int.R,unchanged,d262f81a71352d07ba1977731e65f57135f0fa320be0a0a71f38fbd10b1b44c6,d262f81a71352d07ba1977731e65f57135f0fa320be0a0a71f38fbd10b1b44c6
.cache/R/library/digest/tinytest/test_encoding.R,unchanged,f945582de7fe55d072dca4c0aced2fd87d3c99a648cb809e48e715e170e4ffd9,f945582de7fe55d072dca4c0aced2fd87d3c99a648cb809e48e715e170e4ffd9
.cache/R/library/digest/tinytest/test_hmac.R,unchanged,4e2d7a087630a8df9688a25c300f67954636716e4b16147bbf82eec0576b1fbb,4e2d7a087630a8df9688a25c300f67954636716e4b16147bbf82eec0576b1fbb
.cache/R/library/digest/tinytest/test_misc.R,unchanged,92236c0c354ef02909779a830624959090aed72faadf6d789d0553fff7020e30,92236c0c354ef02909779a830624959090aed72faadf6d789d0553fff7020e30
.cache/R/library/digest/tinytest/test_new_matrix_behaviour.R,unchanged,8413c0d2644ae3b811e68d8e9146e556818708a2bbc5dd58f6bba683030d8836,8413c0d2644ae3b811e68d8e9146e556818708a2bbc5dd58f6bba683030d8836
.cache/R/library/digest/tinytest/test_num2hex.R,unchanged,ca26fd438192a91d498260e7d46f1e6aeca3cce3ad3affe0fd5d1dff60a7d70b,ca26fd438192a91d498260e7d46f1e6aeca3cce3ad3affe0fd5d1dff60a7d70b
.cache/R/library/digest/tinytest/test_raw.R,unchanged,88a240802be0d64ff4cf7f93d0d6618ab88c75a770360329e0362f3acb186ccc,88a240802be0d64ff4cf7f93d0d6618ab88c75a770360329e0362f3acb186ccc
.cache/R/library/digest/tinytest/test_sha1.R,unchanged,88405439d0dc6325dc630fe8d5a7aeeb2cb1b80ae388f94bd5e0c9eb37aae460,88405439d0dc6325dc630fe8d5a7aeeb2cb1b80ae388f94bd5e0c9eb37aae460
.cache/R/library/ei/data/census1910.txt.gz,unchanged,6a563f8be0202a062c511eb1154687dafc1fc66953ab8a8586a779a43d15b52e,6a563f8be0202a062c511eb1154687dafc1fc66953ab8a8586a779a43d15b52e
.cache/R/library/ei/data/eiRxCsample.txt.gz,unchanged,ead2cc4124f51e8b3b59913f9a8623918ffed310027dc6d7323abf4d1c599f4e,ead2cc4124f51e8b3b59913f9a8623918ffed310027dc6d7323abf4d1c599f4e
.cache/R/library/ei/data/fultongen.txt.gz,unchanged,70e9ef05d80ebc210070aeac7c8884703661466681929ddd66ca6c22aab32515,70e9ef05d80ebc210070aeac7c8884703661466681929ddd66ca6c22aab32515
.cache/R/library/ei/data/lavoteall.txt.gz,unchanged,5fb052e32f8963e9833de7aa0e23818a827355846a9ae1306a139a9edce082e7,5fb052e32f8963e9833de7aa0e23818a827355846a9ae1306a139a9edce082e7
.cache/R/library/ei/data/matproii.txt.gz,unchanged,4efb6b55602acb52822eabff06fc50cfed9ee0ac5296f671cd637a15c4d64822,4efb6b55602acb52822eabff06fc50cfed9ee0ac5296f671cd637a15c4d64822
.cache/R/library/ei/data/nj.txt.gz,unchanged,e0554db4569dc9b6eacb77c87a99e0f9f580258a719d24e4c108becc39954e1c,e0554db4569dc9b6eacb77c87a99e0f9f580258a719d24e4c108becc39954e1c
.cache/R/library/ei/data/RxCdata.txt.gz,unchanged,a15b30a6e13c40386a8e36f2ee7b091565b0600c30cc317167b13058f629043f,a15b30a6e13c40386a8e36f2ee7b091565b0600c30cc317167b13058f629043f
.cache/R/library/ei/data/sample.txt.gz,unchanged,a959ab976524ed9733cfaed3727d5978cd5e7030383314a6e58b433aa46a003c,a959ab976524ed9733cfaed3727d5978cd5e7030383314a6e58b433aa46a003c
.cache/R/library/ei/DESCRIPTION,unchanged,4ba04a0cde95b8c123c56d2901587a9cf4657c738746c0133ff6e681eec58dc9,4ba04a0cde95b8c123c56d2901587a9cf4657c738746c0133ff6e681eec58dc9
.cache/R/library/ei/INDEX,unchanged,bd46c7ab7a2859fdbe2ed7336f439789c578a02e0968ff8cb0f63bb90405609e,bd46c7ab7a2859fdbe2ed7336f439789c578a02e0968ff8cb0f63bb90405609e
.cache/R/library/ei/MD5,unchanged,115bab3bd79d330cfa3d1fe38f23ad209d6431b72af1d83f40082ec997c44a1e,115bab3bd79d330cfa3d1fe38f23ad209d6431b72af1d83f40082ec997c44a1e
.cache/R/library/ei/Meta/data.rds,unchanged,4ec665c631a832a183347ad78a8c239c396c4ffe6a94bf7c4a05c732ffe03a7c,4ec665c631a832a183347ad78a8c239c396c4ffe6a94bf7c4a05c732ffe03a7c
.cache/R/library/ei/Meta/demo.rds,unchanged,f57ae67a89bd8358238d8451dd667422d86e117813959b80c29706be72f3493c,f57ae67a89bd8358238d8451dd667422d86e117813959b80c29706be72f3493c
.cache/R/library/ei/Meta/features.rds,unchanged,efeebf7eda733834b9094906a02c7b94f3350038f22ba031ec9e1f29da466faa,efeebf7eda733834b9094906a02c7b94f3350038f22ba031ec9e1f29da466faa
.cache/R/library/ei/Meta/hsearch.rds,unchanged,fe0731254c9c08fba47ebdd26002594c621d3b02f5557789881afb8b18183173,fe0731254c9c08fba47ebdd26002594c621d3b02f5557789881afb8b18183173
.cache/R/library/ei/Meta/links.rds,unchanged,3363cfbcfaf9301ebee8581c69269f2cd36268c7e90c9af405c84de93ef507c8,3363cfbcfaf9301ebee8581c69269f2cd36268c7e90c9af405c84de93ef507c8
.cache/R/library/ei/Meta/nsInfo.rds,unchanged,5c9e245efec5328c493f09da1564b63289146f57a860bbbe482b4060fa6f3514,5c9e245efec5328c493f09da1564b63289146f57a860bbbe482b4060fa6f3514
.cache/R/library/ei/Meta/package.rds,unchanged,77b0efdeeec199af28a747174421c6f4fb1893e8ba5d274c302f44eaed5e81a7,77b0efdeeec199af28a747174421c6f4fb1893e8ba5d274c302f44eaed5e81a7
.cache/R/library/ei/Meta/Rd.rds,unchanged,370a41f494244d2402b3643b04be18018c73518e091b229e0fcb56f099035920,370a41f494244d2402b3643b04be18018c73518e091b229e0fcb56f099035920
.cache/R/library/ei/Meta/vignette.rds,unchanged,1a21858c8a68b68d184cec0508990d6901117810bc8a24e633c430a821990abc,1a21858c8a68b68d184cec0508990d6901117810bc8a24e633c430a821990abc
.cache/R/library/ei/NAMESPACE,unchanged,b1a053b08d4f000402fdb1218523059902bb80f1e4edef8dfb329c6cee0c8e41,b1a053b08d4f000402fdb1218523059902bb80f1e4edef8dfb329c6cee0c8e41
.cache/R/library/ei/R/ei,unchanged,570ca456b280cdeb201ef5ebdf22dc8f80092e2c0c68e33c7f73340e420f3759,570ca456b280cdeb201ef5ebdf22dc8f80092e2c0c68e33c7f73340e420f3759
.cache/R/library/ei/R/ei.rdb,unchanged,4e3b6da8f4dc59afe88af0d6511107773e34fb5d9a3c43afeb9a461e7f284c5b,4e3b6da8f4dc59afe88af0d6511107773e34fb5d9a3c43afeb9a461e7f284c5b
.cache/R/library/ei/R/ei.rdx,unchanged,3d7e84aff393026d3306a70abee2d8924c623fa3310a62406dda9c5688c130fd,3d7e84aff393026d3306a70abee2d8924c623fa3310a62406dda9c5688c130fd
.cache/R/library/eiPack/data/redistrict.tab.gz,unchanged,a3de465db8096cdbe5d8dcb1369aecbedda40b3b1d650278052de216796b4f6a,a3de465db8096cdbe5d8dcb1369aecbedda40b3b1d650278052de216796b4f6a
.cache/R/library/eiPack/data/senc.tab.gz,unchanged,3b06179f2438c4a2740bbd7d6df645f2c98bfdae3c09def38da165c75cf958b4,3b06179f2438c4a2740bbd7d6df645f2c98bfdae3c09def38da165c75cf958b4
.cache/R/library/eiPack/data/tuneA.tab.gz,unchanged,4269f89f6fe19bdcb50da3bff1c97cb1ca86c605c21781d0e71ef38e4a29ed27,4269f89f6fe19bdcb50da3bff1c97cb1ca86c605c21781d0e71ef38e4a29ed27
.cache/R/library/eiPack/data/tuneB.tab.gz,unchanged,79eecc96425ffeb056eefdf064a5f70c63a1c1ffe7f9ff71aed5f17cb90c4e5b,79eecc96425ffeb056eefdf064a5f70c63a1c1ffe7f9ff71aed5f17cb90c4e5b
.cache/R/library/eiPack/DESCRIPTION,unchanged,1b15565983c736eb34e9cc7496dddfe8013735bc8bf0923bd767ee36e551e503,1b15565983c736eb34e9cc7496dddfe8013735bc8bf0923bd767ee36e551e503
.cache/R/library/eiPack/INDEX,unchanged,cb3f8ab00b9adc2fc236a7681bb0296df37ac688c5933cff55cbea4db34a1f2f,cb3f8ab00b9adc2fc236a7681bb0296df37ac688c5933cff55cbea4db34a1f2f
.cache/R/library/eiPack/libs/x64/eiPack.dll,unchanged,3e764e57da162ba834ac5da341b1848b71c66dc8c66ef5ed9e0be371f82f28c3,3e764e57da162ba834ac5da341b1848b71c66dc8c66ef5ed9e0be371f82f28c3
.cache/R/library/eiPack/libs/x64/symbols.rds,unchanged,f572d4984b31430699446c5eab85d60209673a355a87daf3beada766a227b726,f572d4984b31430699446c5eab85d60209673a355a87daf3beada766a227b726
.cache/R/library/eiPack/LICENSE,unchanged,8fbd1e4682331f342d3ff635d88c959f12f85d88a3197fd2caad78fa9e027f53,8fbd1e4682331f342d3ff635d88c959f12f85d88a3197fd2caad78fa9e027f53
.cache/R/library/eiPack/MD5,unchanged,53de36f6aae272b9f8777087896122b5b451b505dadc68020aa2aa47a0f448c1,53de36f6aae272b9f8777087896122b5b451b505dadc68020aa2aa47a0f448c1
.cache/R/library/eiPack/Meta/data.rds,unchanged,6f773787726481443efddce79103bc7b6de722120d5f45f40152df88f3378ec4,6f773787726481443efddce79103bc7b6de722120d5f45f40152df88f3378ec4
.cache/R/library/eiPack/Meta/demo.rds,unchanged,f58cefa664ca893facdad271bbeb066795dbf894307fb22139d2cc099e925a4a,f58cefa664ca893facdad271bbeb066795dbf894307fb22139d2cc099e925a4a
.cache/R/library/eiPack/Meta/features.rds,unchanged,efeebf7eda733834b9094906a02c7b94f3350038f22ba031ec9e1f29da466faa,efeebf7eda733834b9094906a02c7b94f3350038f22ba031ec9e1f29da466faa
.cache/R/library/eiPack/Meta/hsearch.rds,unchanged,be99ae0b20bd173c056faaff2a920a6e73b4f88bd80aa42f2c0dee0a0b180fcc,be99ae0b20bd173c056faaff2a920a6e73b4f88bd80aa42f2c0dee0a0b180fcc
.cache/R/library/eiPack/Meta/links.rds,unchanged,6942008881fbfac29059b3e7120132f335f11a35765bb964f82796ae1a71890f,6942008881fbfac29059b3e7120132f335f11a35765bb964f82796ae1a71890f
.cache/R/library/eiPack/Meta/nsInfo.rds,unchanged,9a0502cdb3c33aa3e62cd6bf123dcf6f531462e68707a2a4de2dcad955664d56,9a0502cdb3c33aa3e62cd6bf123dcf6f531462e68707a2a4de2dcad955664d56
.cache/R/library/eiPack/Meta/package.rds,unchanged,a0fc7e642bd4e4bf00847572b43b4a68b067cf3751024a9285ceae8e57831624,a0fc7e642bd4e4bf00847572b43b4a68b067cf3751024a9285ceae8e57831624
.cache/R/library/eiPack/Meta/Rd.rds,unchanged,a0e86077d45e7b273912fc77df129efdd5833d53ac55ed5356bf9227455d9b69,a0e86077d45e7b273912fc77df129efdd5833d53ac55ed5356bf9227455d9b69
.cache/R/library/eiPack/NAMESPACE,unchanged,b993b839e57f95cd0b86f6f3376667b7d55a2f1d694667b863a5f1fc1011ab38,b993b839e57f95cd0b86f6f3376667b7d55a2f1d694667b863a5f1fc1011ab38
.cache/R/library/eiPack/R/eiPack,unchanged,570ca456b280cdeb201ef5ebdf22dc8f80092e2c0c68e33c7f73340e420f3759,570ca456b280cdeb201ef5ebdf22dc8f80092e2c0c68e33c7f73340e420f3759
.cache/R/library/eiPack/R/eiPack.rdb,unchanged,95d49e1df84899c5251574d037a255d468783a1bd040be15069a41ccbe32b18b,95d49e1df84899c5251574d037a255d468783a1bd040be15069a41ccbe32b18b
.cache/R/library/eiPack/R/eiPack.rdx,unchanged,a87c69442925387693055325e22a018870166b41bad2c65ef70b2e14021adef3,a87c69442925387693055325e22a018870166b41bad2c65ef70b2e14021adef3
.cache/R/library/ellipse/DESCRIPTION,unchanged,40f326e1793d5574d48004b6ccd1f7e85a1ad021831d3c1951eec8d7b4cd982f,40f326e1793d5574d48004b6ccd1f7e85a1ad021831d3c1951eec8d7b4cd982f
.cache/R/library/ellipse/INDEX,unchanged,82f5cb671fbc355644b6f6e43a0f3bc204c0d9b13934ea1659b8e7109a8fe24a,82f5cb671fbc355644b6f6e43a0f3bc204c0d9b13934ea1659b8e7109a8fe24a
.cache/R/library/ellipse/MD5,unchanged,59b23e178f854c727dd905943a6e6ffa9ea6b143647c8799245e67c41b164ce4,59b23e178f854c727dd905943a6e6ffa9ea6b143647c8799245e67c41b164ce4
.cache/R/library/ellipse/Meta/features.rds,unchanged,efeebf7eda733834b9094906a02c7b94f3350038f22ba031ec9e1f29da466faa,efeebf7eda733834b9094906a02c7b94f3350038f22ba031ec9e1f29da466faa
.cache/R/library/ellipse/Meta/hsearch.rds,unchanged,c1e7a6c47b2ad9ca2edbb6c1bcfbb4c473fcb8275296f264d0671863406e261b,c1e7a6c47b2ad9ca2edbb6c1bcfbb4c473fcb8275296f264d0671863406e261b
.cache/R/library/ellipse/Meta/links.rds,unchanged,62ce6acf7e7304fa997cd49a8521ec37a4ea5ac024d524287ca5a97726f7a2f1,62ce6acf7e7304fa997cd49a8521ec37a4ea5ac024d524287ca5a97726f7a2f1
.cache/R/library/ellipse/Meta/nsInfo.rds,unchanged,db2675b0653af90eea9fdb232a741dc856114cc7a0ec0d3ad7e211cc826a466b,db2675b0653af90eea9fdb232a741dc856114cc7a0ec0d3ad7e211cc826a466b
.cache/R/library/ellipse/Meta/package.rds,unchanged,c1c24b76fabcdff4a95f4b2038a5d401df15b28b9992619500be4dbd17d5f7a9,c1c24b76fabcdff4a95f4b2038a5d401df15b28b9992619500be4dbd17d5f7a9
.cache/R/library/ellipse/Meta/Rd.rds,unchanged,22948484762c9964460b56618ecf8b3e3762cb0b387780886fec7d70e1f752f3,22948484762c9964460b56618ecf8b3e3762cb0b387780886fec7d70e1f752f3
.cache/R/library/ellipse/NAMESPACE,unchanged,68fa129d5c256c57d8286023f65941cc89afbef84db114192df28adae8f84958,68fa129d5c256c57d8286023f65941cc89afbef84db114192df28adae8f84958
.cache/R/library/ellipse/NEWS.md,unchanged,4ab6858234baee94ef9c6c984e17167d785a4c6300213fa1341ab9b2d563f701,4ab6858234baee94ef9c6c984e17167d785a4c6300213fa1341ab9b2d563f701
.cache/R/library/ellipse/R/ellipse,unchanged,570ca456b280cdeb201ef5ebdf22dc8f80092e2c0c68e33c7f73340e420f3759,570ca456b280cdeb201ef5ebdf22dc8f80092e2c0c68e33c7f73340e420f3759
.cache/R/library/ellipse/R/ellipse.rdb,unchanged,583197c3f63b93f0117a62eddacbaf648afd3c1ea7c206def3085689d74bb86c,583197c3f63b93f0117a62eddacbaf648afd3c1ea7c206def3085689d74bb86c
.cache/R/library/ellipse/R/ellipse.rdx,unchanged,cd26643065a9c6e7997c59b25dd2e092e53497a64baefc844135741e5876c0f2,cd26643065a9c6e7997c59b25dd2e092e53497a64baefc844135741e5876c0f2
.cache/R/library/ellipse/README.md,unchanged,75121362aab5460e922a0ad0f04658c3dbcb36451582c2548e5d91b6f9665e0a,75121362aab5460e922a0ad0f04658c3dbcb36451582c2548e5d91b6f9665e0a
.cache/R/library/expm/data/matStig.R,unchanged,b6fedb95e56c37e7172000e17526e2d63395149ef425f62f3cf345f8cbc87910,b6fedb95e56c37e7172000e17526e2d63395149ef425f62f3cf345f8cbc87910
.cache/R/library/expm/DESCRIPTION,unchanged,39e8d39209298778ac066d8d69cff129569427d4589338b384ac1d83c830e0e8,39e8d39209298778ac066d8d69cff129569427d4589338b384ac1d83c830e0e8
.cache/R/library/expm/INDEX,unchanged,1f6fa20851d78b798445a43a5a029b724e0822a52bb2a09e1291973b3fed0ebe,1f6fa20851d78b798445a43a5a029b724e0822a52bb2a09e1291973b3fed0ebe
.cache/R/library/expm/libs/x64/expm.dll,unchanged,a9f459f395fb2c3389f74fbad11b30c7b4ea5ec80ff2aa9c24318a07bb18aed3,a9f459f395fb2c3389f74fbad11b30c7b4ea5ec80ff2aa9c24318a07bb18aed3
.cache/R/library/expm/libs/x64/symbols.rds,unchanged,87397e60d39f78a38e3f407cfae397913979282e20f2476c31fbf2fb58e5e213,87397e60d39f78a38e3f407cfae397913979282e20f2476c31fbf2fb58e5e213
.cache/R/library/expm/MD5,unchanged,638dc6b86cfffe081bea293e69521a691a2daca806a6ca7a26dd2eb8e91c69f1,638dc6b86cfffe081bea293e69521a691a2daca806a6ca7a26dd2eb8e91c69f1
.cache/R/library/expm/Meta/data.rds,unchanged,f7ccc84367a6631fce0ca0032ef2bcf1f43a6e5bbf755010d332a544a71a2bec,f7ccc84367a6631fce0ca0032ef2bcf1f43a6e5bbf755010d332a544a71a2bec
.cache/R/library/expm/Meta/demo.rds,unchanged,4ea9c160b1e69384dc863b356c3edac616bb4c4886d0d2faf59e684ee9407f2d,4ea9c160b1e69384dc863b356c3edac616bb4c4886d0d2faf59e684ee9407f2d
.cache/R/library/expm/Meta/features.rds,unchanged,efeebf7eda733834b9094906a02c7b94f3350038f22ba031ec9e1f29da466faa,efeebf7eda733834b9094906a02c7b94f3350038f22ba031ec9e1f29da466faa
.cache/R/library/expm/Meta/hsearch.rds,unchanged,5789c78668f7e8f8cdcb6b6eb915a200a7abdb6cf93ef94de1960291b938bc1c,5789c78668f7e8f8cdcb6b6eb915a200a7abdb6cf93ef94de1960291b938bc1c
.cache/R/library/expm/Meta/links.rds,unchanged,226dab00bdd439657d5d90eb7fd5c91c2fd80b224381c9f1bb4b525bec032e8b,226dab00bdd439657d5d90eb7fd5c91c2fd80b224381c9f1bb4b525bec032e8b
.cache/R/library/expm/Meta/nsInfo.rds,unchanged,0eed6bfc3e0e1ad91703da5fa1661d227ce741ee8d74a26958bf354cfd9b5fc7,0eed6bfc3e0e1ad91703da5fa1661d227ce741ee8d74a26958bf354cfd9b5fc7
.cache/R/library/expm/Meta/package.rds,unchanged,d3db80aa9f23e70826a358a1e712f51367221ab780a5fb9a1a818329ebd17466,d3db80aa9f23e70826a358a1e712f51367221ab780a5fb9a1a818329ebd17466
.cache/R/library/expm/Meta/Rd.rds,unchanged,7e94b7227e199d9d1a4905843370df4c11c790da942b25ed597341725eaa457a,7e94b7227e199d9d1a4905843370df4c11c790da942b25ed597341725eaa457a
.cache/R/library/expm/Meta/vignette.rds,unchanged,a6f2a5f2e4124839ac5816e3832861ecb6fd860f0280a3abb2621317145f0be6,a6f2a5f2e4124839ac5816e3832861ecb6fd860f0280a3abb2621317145f0be6
.cache/R/library/expm/NAMESPACE,unchanged,f4bd56c64c467ae45775f1125c311c508b69ab54553945246e77b2926678e037,f4bd56c64c467ae45775f1125c311c508b69ab54553945246e77b2926678e037
.cache/R/library/expm/R/expm,unchanged,570ca456b280cdeb201ef5ebdf22dc8f80092e2c0c68e33c7f73340e420f3759,570ca456b280cdeb201ef5ebdf22dc8f80092e2c0c68e33c7f73340e420f3759
.cache/R/library/expm/R/expm.rdb,unchanged,b3dce5c967f8cc11a24df6fbf3c5b33b618adf9c596b8149ae6dc5721be16c64,b3dce5c967f8cc11a24df6fbf3c5b33b618adf9c596b8149ae6dc5721be16c64
.cache/R/library/expm/R/expm.rdx,unchanged,615e77a816b798a67ae6e4842b6be757404c2f0203612205d60bf474d55ae8b4,615e77a816b798a67ae6e4842b6be757404c2f0203612205d60bf474d55ae8b4
.cache/R/library/expm/test-tools.R,unchanged,90bd7de5237fa56cca4b719208efa648e850f6508e4c7b35beb45aeb97dbbd2e,90bd7de5237fa56cca4b719208efa648e850f6508e4c7b35beb45aeb97dbbd2e
.cache/R/library/foreach/DESCRIPTION,unchanged,c8558aa45fbace84295f46af807169302779f660d8b12d6121f04ad7183db8ea,c8558aa45fbace84295f46af807169302779f660d8b12d6121f04ad7183db8ea
.cache/R/library/foreach/examples/apply.R,unchanged,cfa152b3ee745d49132647522e5ea3c2ad851240bf7be2d4bb39aebd092927d8,cfa152b3ee745d49132647522e5ea3c2ad851240bf7be2d4bb39aebd092927d8
.cache/R/library/foreach/examples/bigmax.R,unchanged,b25654e224e1b1035b6e786905e726b96fe7a97f818a8dd39eff102d1def01e1,b25654e224e1b1035b6e786905e726b96fe7a97f818a8dd39eff102d1def01e1
.cache/R/library/foreach/examples/bigmean.R,unchanged,9ecded398d862f291fea44a2e6ccc9b1bfa3e6fe7c1422498628a6c5c5aa60b4,9ecded398d862f291fea44a2e6ccc9b1bfa3e6fe7c1422498628a6c5c5aa60b4
.cache/R/library/foreach/examples/bigmean2.R,unchanged,34778c8bd710a6c86bfbef97f735bea67291e46e7bd915b294fb7bf244f53c7c,34778c8bd710a6c86bfbef97f735bea67291e46e7bd915b294fb7bf244f53c7c
.cache/R/library/foreach/examples/bootpar.R,unchanged,36278d6f930165988996c3829c901731817f8c1b94e2dcd73ac032023a23f76f,36278d6f930165988996c3829c901731817f8c1b94e2dcd73ac032023a23f76f
.cache/R/library/foreach/examples/bootpar2.R,unchanged,9d6c9fffa8355b1703e61120d99f0f365d6ea9ab729bf6b6f07090198825b965,9d6c9fffa8355b1703e61120d99f0f365d6ea9ab729bf6b6f07090198825b965
.cache/R/library/foreach/examples/bootseq.R,unchanged,8a085776a0739be030e0cd67bec091607b84437504b23710b536b8678343a54a,8a085776a0739be030e0cd67bec091607b84437504b23710b536b8678343a54a
.cache/R/library/foreach/examples/colMeans.R,unchanged,4c23d3398f1fb8229d125300bfe743f099823de755fd5089e57ff7051bb3322a,4c23d3398f1fb8229d125300bfe743f099823de755fd5089e57ff7051bb3322a
.cache/R/library/foreach/examples/comprehensions.R,unchanged,9ad877e72a0d44af4699be67677b8f2950829fa1d028d965d550730d4edb82a5,9ad877e72a0d44af4699be67677b8f2950829fa1d028d965d550730d4edb82a5
.cache/R/library/foreach/examples/cross.R,unchanged,4fae64fe4445066aba553d1bec0278ac0494f8f2dc9b02940dad301aa443b6ba,4fae64fe4445066aba553d1bec0278ac0494f8f2dc9b02940dad301aa443b6ba
.cache/R/library/foreach/examples/feapply.R,unchanged,cf75d5fe2db53aaf8b743290fb6bf12e0aabd45dfeac0d69b69691ac6eab0e61,cf75d5fe2db53aaf8b743290fb6bf12e0aabd45dfeac0d69b69691ac6eab0e61
.cache/R/library/foreach/examples/for.R,unchanged,acd4fb1432ddf1f41f8ed5f5e6368a14f87bbb1117ccf51bfb690e1caa2df29f,acd4fb1432ddf1f41f8ed5f5e6368a14f87bbb1117ccf51bfb690e1caa2df29f
.cache/R/library/foreach/examples/germandata.txt,unchanged,2c08a33975cd7b278896e6fa494fe624cdbe21be0305147a15aa86103299fefc,2c08a33975cd7b278896e6fa494fe624cdbe21be0305147a15aa86103299fefc
.cache/R/library/foreach/examples/isplit.R,unchanged,4ec6ee3f02342f9c9c5f13842e918d43c3a891c183a311eae90620ac3d97e0d1,4ec6ee3f02342f9c9c5f13842e918d43c3a891c183a311eae90620ac3d97e0d1
.cache/R/library/foreach/examples/matmul.R,unchanged,38854c81ff42ee219eba9b2e16a97ed5102dcf6afceb5ab77be5b59a515f986a,38854c81ff42ee219eba9b2e16a97ed5102dcf6afceb5ab77be5b59a515f986a
.cache/R/library/foreach/examples/matmul2.R,unchanged,f6f96389d3f887e9998e1748e8da7d13c45718c611977d19eded93c1b8d1bda8,f6f96389d3f887e9998e1748e8da7d13c45718c611977d19eded93c1b8d1bda8
.cache/R/library/foreach/examples/output.R,unchanged,02697cbd9720ad4e7c120003f9ec712f0daccfd3f8deaa3094a24af5e4b5d946,02697cbd9720ad4e7c120003f9ec712f0daccfd3f8deaa3094a24af5e4b5d946
.cache/R/library/foreach/examples/pi.R,unchanged,b916a1a49362b8741f7444b6c458c47aad64953010a54c7cc1c727a623e723fe,b916a1a49362b8741f7444b6c458c47aad64953010a54c7cc1c727a623e723fe
.cache/R/library/foreach/examples/qsort.R,unchanged,119c7052ff5c6bf07ab7e15d6f2ce00fef281985d96e1ac5757e384075f533df,119c7052ff5c6bf07ab7e15d6f2ce00fef281985d96e1ac5757e384075f533df
.cache/R/library/foreach/examples/rf.R,unchanged,b19d8fb627ba39e369e02a5c960d79b1628ff00a32c76907f766348443888f97,b19d8fb627ba39e369e02a5c960d79b1628ff00a32c76907f766348443888f97
.cache/R/library/foreach/examples/sinc.R,unchanged,1771b095074ec3019d131d1c601f0c9130b1381f6cdbbfdb228d4a2c23d18139,1771b095074ec3019d131d1c601f0c9130b1381f6cdbbfdb228d4a2c23d18139
.cache/R/library/foreach/examples/sinc2.R,unchanged,48ef606150dde2b4acd1c8afbe0d7f97529f2b011ef0f8bb2bc126b8432086e0,48ef606150dde2b4acd1c8afbe0d7f97529f2b011ef0f8bb2bc126b8432086e0
.cache/R/library/foreach/examples/sqlite.R,unchanged,60e27575023f99ee7481e45c0140e6a89f0ee07de595d52808461e473af501df,60e27575023f99ee7481e45c0140e6a89f0ee07de595d52808461e473af501df
.cache/R/library/foreach/examples/tuneRF.R,unchanged,8af15827f57eb331cce26c6fe7e062631dd2ec014fb227f778c686d4826584b9,8af15827f57eb331cce26c6fe7e062631dd2ec014fb227f778c686d4826584b9
.cache/R/library/foreach/INDEX,unchanged,48373118ea6633e41081fae64ed81d3534fef300857a28a721de09bb2b227baf,48373118ea6633e41081fae64ed81d3534fef300857a28a721de09bb2b227baf
.cache/R/library/foreach/MD5,unchanged,e77e608c4e9fc3e7ee894eda53bdbfe957f0f05625a848f1803a099dfbf25dec,e77e608c4e9fc3e7ee894eda53bdbfe957f0f05625a848f1803a099dfbf25dec
.cache/R/library/foreach/Meta/demo.rds,unchanged,3e1cc7eeebea6d068f15eb2395eee36c8ea64b4f69baa89ae0d7e79ad8c33696,3e1cc7eeebea6d068f15eb2395eee36c8ea64b4f69baa89ae0d7e79ad8c33696
.cache/R/library/foreach/Meta/features.rds,unchanged,efeebf7eda733834b9094906a02c7b94f3350038f22ba031ec9e1f29da466faa,efeebf7eda733834b9094906a02c7b94f3350038f22ba031ec9e1f29da466faa
.cache/R/library/foreach/Meta/hsearch.rds,unchanged,ebf3908461ec71092497bf9b81298002b23598f7e71683cf3399f9a38e9aa1c3,ebf3908461ec71092497bf9b81298002b23598f7e71683cf3399f9a38e9aa1c3
.cache/R/library/foreach/Meta/links.rds,unchanged,aca05c9c71452c8df993053e73aff463483edfef6f94e60cf7342a89792238d6,aca05c9c71452c8df993053e73aff463483edfef6f94e60cf7342a89792238d6
.cache/R/library/foreach/Meta/nsInfo.rds,unchanged,ceda79ee6e6b0208f41cbca82068c00cb83ee02098270794a8c74d84752199c5,ceda79ee6e6b0208f41cbca82068c00cb83ee02098270794a8c74d84752199c5
.cache/R/library/foreach/Meta/package.rds,unchanged,fbdab3efaca09e6ffe7536b57ee84c7cc030a9fcddd2460e646c15b8d8cb9ed0,fbdab3efaca09e6ffe7536b57ee84c7cc030a9fcddd2460e646c15b8d8cb9ed0
.cache/R/library/foreach/Meta/Rd.rds,unchanged,446ed5f33bf7fc20ab1085470ae8d78e9536e7f93d3892358d4d2bbe8dd4570b,446ed5f33bf7fc20ab1085470ae8d78e9536e7f93d3892358d4d2bbe8dd4570b
.cache/R/library/foreach/Meta/vignette.rds,unchanged,cb0f27d35dd6dcfcae12a39408a324063cfa13834a06773132b4685d095cfecf,cb0f27d35dd6dcfcae12a39408a324063cfa13834a06773132b4685d095cfecf
.cache/R/library/foreach/NAMESPACE,unchanged,7b74dc8ce976ebd10ad7b51c5e39ec0963238915bbce743cca0fbe804a044b76,7b74dc8ce976ebd10ad7b51c5e39ec0963238915bbce743cca0fbe804a044b76
.cache/R/library/foreach/NEWS.md,unchanged,c1b6a407ea2c7b68071ac72dd3fe54a9272dbd89ce354eb1f0dbc07b5a9b3a31,c1b6a407ea2c7b68071ac72dd3fe54a9272dbd89ce354eb1f0dbc07b5a9b3a31
.cache/R/library/foreach/R/foreach,unchanged,570ca456b280cdeb201ef5ebdf22dc8f80092e2c0c68e33c7f73340e420f3759,570ca456b280cdeb201ef5ebdf22dc8f80092e2c0c68e33c7f73340e420f3759
.cache/R/library/foreach/R/foreach.rdb,unchanged,dc4ccca2e4de98d4bddb3ee546f8a10a837691f57806d25bcb7057c125e752e2,dc4ccca2e4de98d4bddb3ee546f8a10a837691f57806d25bcb7057c125e752e2
.cache/R/library/foreach/R/foreach.rdx,unchanged,38cf5fa938a5db9988d4f6d67c90283c0623a1abf393849aecd2729161e9c51c,38cf5fa938a5db9988d4f6d67c90283c0623a1abf393849aecd2729161e9c51c
.cache/R/library/foreach/README.md,unchanged,2521523a457d5ef66e7d95e6873b2e7a5a8dde39e23a24c3250f96cd5f6b2348,2521523a457d5ef66e7d95e6873b2e7a5a8dde39e23a24c3250f96cd5f6b2348
.cache/R/library/generics/DESCRIPTION,unchanged,160b0853318d4e520ede2fc4d61c2a779ef2bec65a63c8fbe1a3a2bd7724200d,160b0853318d4e520ede2fc4d61c2a779ef2bec65a63c8fbe1a3a2bd7724200d
.cache/R/library/generics/INDEX,unchanged,e2e8b1050ad6a7322f6c92aa8ca6e9516414050deb54fce36ccc62d02add9de2,e2e8b1050ad6a7322f6c92aa8ca6e9516414050deb54fce36ccc62d02add9de2
.cache/R/library/generics/LICENSE,unchanged,ff0eda985f01ac9a3863994da579f47ede323b80108ccedd6dd263418639baaa,ff0eda985f01ac9a3863994da579f47ede323b80108ccedd6dd263418639baaa
.cache/R/library/generics/MD5,unchanged,8ee8dec7afa1bb1aec3c7044566c059028ae8b758451a0d2a452677659f74cc9,8ee8dec7afa1bb1aec3c7044566c059028ae8b758451a0d2a452677659f74cc9
.cache/R/library/generics/Meta/features.rds,unchanged,efeebf7eda733834b9094906a02c7b94f3350038f22ba031ec9e1f29da466faa,efeebf7eda733834b9094906a02c7b94f3350038f22ba031ec9e1f29da466faa
.cache/R/library/generics/Meta/hsearch.rds,unchanged,1bcb2ee9b999f1ae76bf450209b3efa4b63ef61f7036c9fc8176c896e631177d,1bcb2ee9b999f1ae76bf450209b3efa4b63ef61f7036c9fc8176c896e631177d
.cache/R/library/generics/Meta/links.rds,unchanged,d0836e34ea300fb88278f5a69a7a43a7ffdb5368ad369f1dbb19789b69400787,d0836e34ea300fb88278f5a69a7a43a7ffdb5368ad369f1dbb19789b69400787
.cache/R/library/generics/Meta/nsInfo.rds,unchanged,544bbb0a7b3f57f3d196184f37179ca89d2bed38fb3e730356a34284a2df30b9,544bbb0a7b3f57f3d196184f37179ca89d2bed38fb3e730356a34284a2df30b9
.cache/R/library/generics/Meta/package.rds,unchanged,4d94311fbf013ad891a68ed86fe0ed19a397b6ff0eb2fa2c3529a3501ed05b83,4d94311fbf013ad891a68ed86fe0ed19a397b6ff0eb2fa2c3529a3501ed05b83
.cache/R/library/generics/Meta/Rd.rds,unchanged,4339dcc1762859b80ed2060cf3325530afc6a6396315a4a59f2e85d6f35fcf93,4339dcc1762859b80ed2060cf3325530afc6a6396315a4a59f2e85d6f35fcf93
.cache/R/library/generics/NAMESPACE,unchanged,9054be3001cbaee46ae576c4f8a71d018a33712e1a29ed39bf6eed319616e9e8,9054be3001cbaee46ae576c4f8a71d018a33712e1a29ed39bf6eed319616e9e8
.cache/R/library/generics/NEWS.md,unchanged,c1109017a55c2aefec08ef27f54da078a737e2aab1dd3969f2cbcde6ddb8d0e8,c1109017a55c2aefec08ef27f54da078a737e2aab1dd3969f2cbcde6ddb8d0e8
.cache/R/library/generics/R/generics,unchanged,570ca456b280cdeb201ef5ebdf22dc8f80092e2c0c68e33c7f73340e420f3759,570ca456b280cdeb201ef5ebdf22dc8f80092e2c0c68e33c7f73340e420f3759
.cache/R/library/generics/R/generics.rdb,unchanged,7d3be1320b0c80b195b8d59445c1a7e6d52826b47e257c2c4420d03e1cff50a1,7d3be1320b0c80b195b8d59445c1a7e6d52826b47e257c2c4420d03e1cff50a1
.cache/R/library/generics/R/generics.rdx,unchanged,bda4256a0916c6de1c67b54812779ac80da1c83040e78610c1169431812a8357,bda4256a0916c6de1c67b54812779ac80da1c83040e78610c1169431812a8357
.cache/R/library/generics/README.md,unchanged,f602d43a378935122b78bc59b62f0c1120b17e66cd066a7b647c23692a600914,f602d43a378935122b78bc59b62f0c1120b17e66cd066a7b647c23692a600914
.cache/R/library/glue/DESCRIPTION,unchanged,ac5caed343a8a8ed6f9d0115bd3af602737ac7afc37cbe1f9ea7c92b1afc7d15,ac5caed343a8a8ed6f9d0115bd3af602737ac7afc37cbe1f9ea7c92b1afc7d15
.cache/R/library/glue/INDEX,unchanged,5b05e05127a3c0246e257fbfe580f026e6eeea997d31d18fabdd4c4ded4a3c2e,5b05e05127a3c0246e257fbfe580f026e6eeea997d31d18fabdd4c4ded4a3c2e
.cache/R/library/glue/libs/x64/glue.dll,unchanged,7f1393f1d2851057bbaeb4a2bc038bca5f9fd54875291f8e817fb0bd2c0109de,7f1393f1d2851057bbaeb4a2bc038bca5f9fd54875291f8e817fb0bd2c0109de
.cache/R/library/glue/libs/x64/symbols.rds,unchanged,c28a7febed5dfdf5eff98af4027957bbb61353b8ff75dbf295871ec433f55f1c,c28a7febed5dfdf5eff98af4027957bbb61353b8ff75dbf295871ec433f55f1c
.cache/R/library/glue/LICENSE,unchanged,df91fc6693975392fe1d13934181f520bda494e6fc1ddaa34a267b43859ab1ac,df91fc6693975392fe1d13934181f520bda494e6fc1ddaa34a267b43859ab1ac
.cache/R/library/glue/MD5,unchanged,3ae4a7edb20ecbfd0f9be38470a0fee41f699bb091140b0a6b118e48ca3d0ba7,3ae4a7edb20ecbfd0f9be38470a0fee41f699bb091140b0a6b118e48ca3d0ba7
.cache/R/library/glue/Meta/features.rds,unchanged,efeebf7eda733834b9094906a02c7b94f3350038f22ba031ec9e1f29da466faa,efeebf7eda733834b9094906a02c7b94f3350038f22ba031ec9e1f29da466faa
.cache/R/library/glue/Meta/hsearch.rds,unchanged,bf34922106c8d1c7494716cedc2de94eebdabcd9ebfd459e41d2ac11f29469ce,bf34922106c8d1c7494716cedc2de94eebdabcd9ebfd459e41d2ac11f29469ce
.cache/R/library/glue/Meta/links.rds,unchanged,59184fc8f26fd73ff7ca45e451694c36ff860b9db637b89e49398bf362e5fcac,59184fc8f26fd73ff7ca45e451694c36ff860b9db637b89e49398bf362e5fcac
.cache/R/library/glue/Meta/nsInfo.rds,unchanged,afd0f5a5f55b4fa907bb50cd3a1e92c61a7cf4e1153c78a5624ae9b5778ddd9b,afd0f5a5f55b4fa907bb50cd3a1e92c61a7cf4e1153c78a5624ae9b5778ddd9b
.cache/R/library/glue/Meta/package.rds,unchanged,956e8592cf83bcf412f8998c461b896fb604c9c4457d8d665f1aa675f3cbb27e,956e8592cf83bcf412f8998c461b896fb604c9c4457d8d665f1aa675f3cbb27e
.cache/R/library/glue/Meta/Rd.rds,unchanged,1a0b73fe43133cd218ef33bd6f0884b30530186001420559ccfa35884a0fde21,1a0b73fe43133cd218ef33bd6f0884b30530186001420559ccfa35884a0fde21
.cache/R/library/glue/Meta/vignette.rds,unchanged,e8824277cc433b15a3a5de77a7e5dce6bf841ffebc25fc2505e8acd5506d3d11,e8824277cc433b15a3a5de77a7e5dce6bf841ffebc25fc2505e8acd5506d3d11
.cache/R/library/glue/NAMESPACE,unchanged,eaef59866c100701179b3edbeca6b56f23f8a6f09a7b6962f239fda77ffe3ab4,eaef59866c100701179b3edbeca6b56f23f8a6f09a7b6962f239fda77ffe3ab4
.cache/R/library/glue/NEWS.md,unchanged,7135d6d7cbdbd58b0b0b9873089f2e52b79a50e16947bb6fa8e28608620f56d9,7135d6d7cbdbd58b0b0b9873089f2e52b79a50e16947bb6fa8e28608620f56d9
.cache/R/library/glue/R/glue,unchanged,570ca456b280cdeb201ef5ebdf22dc8f80092e2c0c68e33c7f73340e420f3759,570ca456b280cdeb201ef5ebdf22dc8f80092e2c0c68e33c7f73340e420f3759
.cache/R/library/glue/R/glue.rdb,unchanged,90e34ccd826475df7a9a9e4b865f49d4df8c363b4711e6ec2a92ba2a4f7ede48,90e34ccd826475df7a9a9e4b865f49d4df8c363b4711e6ec2a92ba2a4f7ede48
.cache/R/library/glue/R/glue.rdx,unchanged,b5d3444709afc159805fdcaba9c5d2a71ef5ca3f9b9630d5af142e8a024beae8,b5d3444709afc159805fdcaba9c5d2a71ef5ca3f9b9630d5af142e8a024beae8
.cache/R/library/glue/README.md,unchanged,9426022baea4f57bab18092c8d812590a1e97d97f4574fed00723e04d7c0f2b7,9426022baea4f57bab18092c8d812590a1e97d97f4574fed00723e04d7c0f2b7
.cache/R/library/gmm/CITATION,unchanged,689fb5715517e31969292b418a9dbd520847939475401e95c0d1d8143a6134ce,689fb5715517e31969292b418a9dbd520847939475401e95c0d1d8143a6134ce
.cache/R/library/gmm/data/Finance.rda,unchanged,d8bee6ee3e93a60678180240b4cd3a235f9a436843f9860edd228e41a60d5ebb,d8bee6ee3e93a60678180240b4cd3a235f9a436843f9860edd228e41a60d5ebb
.cache/R/library/gmm/data/Growth.rda,unchanged,c0187b9c975036b366c42e20b827c7c167fd78cca666d909b55b8e36275537e8,c0187b9c975036b366c42e20b827c7c167fd78cca666d909b55b8e36275537e8
.cache/R/library/gmm/data/nsw.rda,unchanged,598f176ce8a15d9fdda39130afe3506122d96e6280559979a5658776d2cf2f67,598f176ce8a15d9fdda39130afe3506122d96e6280559979a5658776d2cf2f67
.cache/R/library/gmm/data/wage.rda,unchanged,96da1e7a7176159f8b9f0bb67edf43698cc01e65c5b47ca85f870de8ad9be57a,96da1e7a7176159f8b9f0bb67edf43698cc01e65c5b47ca85f870de8ad9be57a
.cache/R/library/gmm/DESCRIPTION,unchanged,05f407c9f78105ed72b96ab07451ddd9faa0f701f5537d00f28e1868eedba58e,05f407c9f78105ed72b96ab07451ddd9faa0f701f5537d00f28e1868eedba58e
.cache/R/library/gmm/INDEX,unchanged,47715d223290811aeb9c6a5d930be3862bdc078c6b516c6ef61a0711a80b8bf9,47715d223290811aeb9c6a5d930be3862bdc078c6b516c6ef61a0711a80b8bf9
.cache/R/library/gmm/libs/x64/gmm.dll,unchanged,c713c0aabcc7efb4a54138b2d134d11cfdf383afa3ed7595a0a44405ab891ae5,c713c0aabcc7efb4a54138b2d134d11cfdf383afa3ed7595a0a44405ab891ae5
.cache/R/library/gmm/libs/x64/symbols.rds,unchanged,7b39abe60119cb5904fb1fdb7cbb3abb77ad1e5be7dc31efbe5f2d5cdc245899,7b39abe60119cb5904fb1fdb7cbb3abb77ad1e5be7dc31efbe5f2d5cdc245899
.cache/R/library/gmm/MD5,unchanged,9a0220eb00a3fb4650f2ca143259306f7873ba96c45df6683bb9cac464ccdc8a,9a0220eb00a3fb4650f2ca143259306f7873ba96c45df6683bb9cac464ccdc8a
.cache/R/library/gmm/Meta/data.rds,unchanged,eabf151203de6a7f6ebe2b1ae86dedaab8f3fca159cd892bf0da62c71fb9d38e,eabf151203de6a7f6ebe2b1ae86dedaab8f3fca159cd892bf0da62c71fb9d38e
.cache/R/library/gmm/Meta/features.rds,unchanged,efeebf7eda733834b9094906a02c7b94f3350038f22ba031ec9e1f29da466faa,efeebf7eda733834b9094906a02c7b94f3350038f22ba031ec9e1f29da466faa
.cache/R/library/gmm/Meta/hsearch.rds,unchanged,1f27da8a1b4aa98475b73500f4edfbbd3f9d0be5bbb6d0a930d287302ceef92c,1f27da8a1b4aa98475b73500f4edfbbd3f9d0be5bbb6d0a930d287302ceef92c
.cache/R/library/gmm/Meta/links.rds,unchanged,cbd69063480ccdc2884eaa00a8de127b130bc18838201aa236e7f84bf013c76a,cbd69063480ccdc2884eaa00a8de127b130bc18838201aa236e7f84bf013c76a
.cache/R/library/gmm/Meta/nsInfo.rds,unchanged,1dff8198d3a2fa9606bcccb85365600c5c7e27774da7d825771eb384788d9f80,1dff8198d3a2fa9606bcccb85365600c5c7e27774da7d825771eb384788d9f80
.cache/R/library/gmm/Meta/package.rds,unchanged,de3c05d3978ed2ce78bd06931e3b3e376dcfe976aee985d7cc44242a8d989755,de3c05d3978ed2ce78bd06931e3b3e376dcfe976aee985d7cc44242a8d989755
.cache/R/library/gmm/Meta/Rd.rds,unchanged,d0785233dd652725d3e86c2079f1fd6305e3808d4b3cd58b8611cf46d7f5a31b,d0785233dd652725d3e86c2079f1fd6305e3808d4b3cd58b8611cf46d7f5a31b
.cache/R/library/gmm/Meta/vignette.rds,unchanged,5f57ed84e5df3ab5a97be2c120b7dc161b274ede327c73aa3ee0b4fd04030a7c,5f57ed84e5df3ab5a97be2c120b7dc161b274ede327c73aa3ee0b4fd04030a7c
.cache/R/library/gmm/NAMESPACE,unchanged,d11b3861a6854c4a79b78e74fc14053a4d0668a6148d5cb78ca4dbeb81dade01,d11b3861a6854c4a79b78e74fc14053a4d0668a6148d5cb78ca4dbeb81dade01
.cache/R/library/gmm/NEWS,unchanged,2060eddcef1ae1f0f421e3f0e6d9effd4ecccf9201fbbf86c1450bb0b7780933,2060eddcef1ae1f0f421e3f0e6d9effd4ecccf9201fbbf86c1450bb0b7780933
.cache/R/library/gmm/R/gmm,unchanged,570ca456b280cdeb201ef5ebdf22dc8f80092e2c0c68e33c7f73340e420f3759,570ca456b280cdeb201ef5ebdf22dc8f80092e2c0c68e33c7f73340e420f3759
.cache/R/library/gmm/R/gmm.rdb,unchanged,ed47fe81b478f4939e4be58ecf7ba00a583d30c4e113078be4fe55d4f44de78c,ed47fe81b478f4939e4be58ecf7ba00a583d30c4e113078be4fe55d4f44de78c
.cache/R/library/gmm/R/gmm.rdx,unchanged,6db5ff8ca5a8b63c61ca538bca2b239332a5e6342a47fbbf798584b173397c47,6db5ff8ca5a8b63c61ca538bca2b239332a5e6342a47fbbf798584b173397c47
.cache/R/library/iterators/DESCRIPTION,unchanged,285ea2ee62a4b03ac17d45ffce85992703439797b62f16471aeaced70e09b8f4,285ea2ee62a4b03ac17d45ffce85992703439797b62f16471aeaced70e09b8f4
.cache/R/library/iterators/examples/ifilter.R,unchanged,6a1682a0c410d383bd076fae824f1acf55e9a16bf6000ed906b499d388d73093,6a1682a0c410d383bd076fae824f1acf55e9a16bf6000ed906b499d388d73093
.cache/R/library/iterators/examples/iforever.R,unchanged,241bf92af0254234c4584fe27309d67795a631dfd9b045476132cbc64851f04f,241bf92af0254234c4584fe27309d67795a631dfd9b045476132cbc64851f04f
.cache/R/library/iterators/examples/ihasNext.R,unchanged,920ff59f3f4ebadd2e57af4f035df922158daa81cf8ddf5f6b08ea8c3297bddf,920ff59f3f4ebadd2e57af4f035df922158daa81cf8ddf5f6b08ea8c3297bddf
.cache/R/library/iterators/examples/ilimit.R,unchanged,95e1a44b09c13ab079e72c218de08068e5f6a0296cf7d4960ed608aacb7bf285,95e1a44b09c13ab079e72c218de08068e5f6a0296cf7d4960ed608aacb7bf285
.cache/R/library/iterators/examples/ipermn.R,unchanged,b55b179ccf5ca34f0a9a5c37d5988e98d948b2448ce063deefce146e8a173035,b55b179ccf5ca34f0a9a5c37d5988e98d948b2448ce063deefce146e8a173035
.cache/R/library/iterators/examples/irecycle.R,unchanged,9b3cf6c20b31e33aa98c2928281a80196b1f3668aa1fbb4f2aca2c7e91c1ecfc,9b3cf6c20b31e33aa98c2928281a80196b1f3668aa1fbb4f2aca2c7e91c1ecfc
.cache/R/library/iterators/examples/irep.R,unchanged,62c8ba74a02567073f1b13618983a89b1eb53b86db2328553db70c0c5e1307be,62c8ba74a02567073f1b13618983a89b1eb53b86db2328553db70c0c5e1307be
.cache/R/library/iterators/examples/iseq.R,unchanged,2a48d7f26e902ff53f21a5258c25f71e6b92f855b701446ea090fcc899d618bd,2a48d7f26e902ff53f21a5258c25f71e6b92f855b701446ea090fcc899d618bd
.cache/R/library/iterators/examples/itimer.R,unchanged,d0ebc952332f3e2db207fd71d9699918a1a51282e2cbddc60a956e9925bc4934,d0ebc952332f3e2db207fd71d9699918a1a51282e2cbddc60a956e9925bc4934
.cache/R/library/iterators/examples/ivector.R,unchanged,2579bb4bc3b0e527013a5bd2acccdf47251cc617d4efded37aeaf0656e297af5,2579bb4bc3b0e527013a5bd2acccdf47251cc617d4efded37aeaf0656e297af5
.cache/R/library/iterators/examples/ivector2.R,unchanged,74bfaabdae81399f17fa264515b046f2abb7261831be7f719f1247f8930906be,74bfaabdae81399f17fa264515b046f2abb7261831be7f719f1247f8930906be
.cache/R/library/iterators/INDEX,unchanged,4100866349e265822438e072a97620dffc333d838b7a67987fec811a39737009,4100866349e265822438e072a97620dffc333d838b7a67987fec811a39737009
.cache/R/library/iterators/MD5,unchanged,49c6ba592a9d33fb785c435daddcffa3d05d4987b1defa169bcb7a0e8f49ba62,49c6ba592a9d33fb785c435daddcffa3d05d4987b1defa169bcb7a0e8f49ba62
.cache/R/library/iterators/Meta/features.rds,unchanged,efeebf7eda733834b9094906a02c7b94f3350038f22ba031ec9e1f29da466faa,efeebf7eda733834b9094906a02c7b94f3350038f22ba031ec9e1f29da466faa
.cache/R/library/iterators/Meta/hsearch.rds,unchanged,8c70767b44eed9eb1c9271baa044e645273de6382629bc714ff55be845e8f5ba,8c70767b44eed9eb1c9271baa044e645273de6382629bc714ff55be845e8f5ba
.cache/R/library/iterators/Meta/links.rds,unchanged,ec8d21ecea1b95a640ec2ec0e0650211c5cf9a73150b3f71af2d2f7a28bfb349,ec8d21ecea1b95a640ec2ec0e0650211c5cf9a73150b3f71af2d2f7a28bfb349
.cache/R/library/iterators/Meta/nsInfo.rds,unchanged,ef6fd30355d329d3cf81ad894900173d92f2f8f97e9d9cd2eb951dd6187c433b,ef6fd30355d329d3cf81ad894900173d92f2f8f97e9d9cd2eb951dd6187c433b
.cache/R/library/iterators/Meta/package.rds,unchanged,9c8ea96c8ae2f201f330d793ae67ae13cd306cdcef4c29c728bbc9c6c10f553a,9c8ea96c8ae2f201f330d793ae67ae13cd306cdcef4c29c728bbc9c6c10f553a
.cache/R/library/iterators/Meta/Rd.rds,unchanged,0545d318dc264b20c066169fa40805608529f5f33464235e25d268ddbd60616f,0545d318dc264b20c066169fa40805608529f5f33464235e25d268ddbd60616f
.cache/R/library/iterators/Meta/vignette.rds,unchanged,b42f67c522cb857a85559c2a69e28adebb2656fbdc75bd0d8538a7787b698d28,b42f67c522cb857a85559c2a69e28adebb2656fbdc75bd0d8538a7787b698d28
.cache/R/library/iterators/NAMESPACE,unchanged,3f4d5d5a4c4545bd800990d0578c490fcd52dd6b052a224cb1c8d72ea9183fd9,3f4d5d5a4c4545bd800990d0578c490fcd52dd6b052a224cb1c8d72ea9183fd9
.cache/R/library/iterators/NEWS.md,unchanged,7de8e64fdda8e70f6a8c48335badbf7f19e385d1c66414bd784276b7dca3a5ac,7de8e64fdda8e70f6a8c48335badbf7f19e385d1c66414bd784276b7dca3a5ac
.cache/R/library/iterators/R/iterators,unchanged,570ca456b280cdeb201ef5ebdf22dc8f80092e2c0c68e33c7f73340e420f3759,570ca456b280cdeb201ef5ebdf22dc8f80092e2c0c68e33c7f73340e420f3759
.cache/R/library/iterators/R/iterators.rdb,unchanged,fc117c5e65b08676e2ed33cb228860b9627a33e7a1bb231023492f5f604c787d,fc117c5e65b08676e2ed33cb228860b9627a33e7a1bb231023492f5f604c787d
.cache/R/library/iterators/R/iterators.rdx,unchanged,4791fd377f1c19edab6fe3cf538cd67a09ac5b279b7faa49e0092101000a75cd,4791fd377f1c19edab6fe3cf538cd67a09ac5b279b7faa49e0092101000a75cd
.cache/R/library/iterators/README.md,unchanged,b768d80de86a3c45cba16cf464215994af76147c9dc3ab709db98e0b30f41468,b768d80de86a3c45cba16cf464215994af76147c9dc3ab709db98e0b30f41468
.cache/R/library/iterators/unitTests/basicTest.R,unchanged,354759c42f925ade4efeb7f14fa8a5038fd5f685a89ce8eb8ec55af1702e778e,354759c42f925ade4efeb7f14fa8a5038fd5f685a89ce8eb8ec55af1702e778e
.cache/R/library/iterators/unitTests/chunksizeTest.R,unchanged,93ef97ef5f8b64637d8e6850a1e38d901229b26d6245c7ded0aa2a3ffb3accdb,93ef97ef5f8b64637d8e6850a1e38d901229b26d6245c7ded0aa2a3ffb3accdb
.cache/R/library/iterators/unitTests/iapplyTest.R,unchanged,6ca5845c2602130f24f707c0f56663a676fc2d1809f0059e434702f6f9d526a7,6ca5845c2602130f24f707c0f56663a676fc2d1809f0059e434702f6f9d526a7
.cache/R/library/iterators/unitTests/icountnTest.R,unchanged,366da49e72feb424b01d5cf726e8ffa7774a60d3d7e95dd56d95d34408c0af35,366da49e72feb424b01d5cf726e8ffa7774a60d3d7e95dd56d95d34408c0af35
.cache/R/library/iterators/unitTests/isplitTest.R,unchanged,16b3f885ff6c101e99effec49fdf6ec5042cc7c2ba7425219efbf03bdb4aaa4a,16b3f885ff6c101e99effec49fdf6ec5042cc7c2ba7425219efbf03bdb4aaa4a
.cache/R/library/iterators/unitTests/recycleTest.R,unchanged,ac19307e3944fe0b5c619bda636fbc640da4be06ceb42a426deafecac092c3f0,ac19307e3944fe0b5c619bda636fbc640da4be06ceb42a426deafecac092c3f0
.cache/R/library/iterators/unitTests/runTestSuite.sh,unchanged,dd1366fcd1506b14b45e064ffcd2a83a0bbfbff4687105eda55d6a1f1b5f7be1,dd1366fcd1506b14b45e064ffcd2a83a0bbfbff4687105eda55d6a1f1b5f7be1
.cache/R/library/jsonlite/CITATION,unchanged,c949a1501b0e606aeeb3e5ba285722567b53b205887047ce0ba569c74450f80b,c949a1501b0e606aeeb3e5ba285722567b53b205887047ce0ba569c74450f80b
.cache/R/library/jsonlite/DESCRIPTION,unchanged,f87fb635da6a9d485da86826e553ffa9202cc55f6f4557583bf5face47461c40,f87fb635da6a9d485da86826e553ffa9202cc55f6f4557583bf5face47461c40
.cache/R/library/jsonlite/INDEX,unchanged,6165b54d81afbb51afbc235f52eb56c8aebad71fcf17607be024d4d691e3abc6,6165b54d81afbb51afbc235f52eb56c8aebad71fcf17607be024d4d691e3abc6
.cache/R/library/jsonlite/libs/x64/jsonlite.dll,unchanged,985720f9ab179d11162001108363a7c4b82a44fcedb5de12ec26cbe294511bd2,985720f9ab179d11162001108363a7c4b82a44fcedb5de12ec26cbe294511bd2
.cache/R/library/jsonlite/libs/x64/symbols.rds,unchanged,ded71edebb53612195431ceb89fff1efb265255f6686e6f0d18df42bff41ad6b,ded71edebb53612195431ceb89fff1efb265255f6686e6f0d18df42bff41ad6b
.cache/R/library/jsonlite/LICENSE,unchanged,008725198f645358cbb93366529f71300cdc33586bbd0f071e5879a16bacbdb1,008725198f645358cbb93366529f71300cdc33586bbd0f071e5879a16bacbdb1
.cache/R/library/jsonlite/MD5,unchanged,8b1bf21757f3800dcb58a96026fc155fcc16a066beda991bb4877e5b72171d42,8b1bf21757f3800dcb58a96026fc155fcc16a066beda991bb4877e5b72171d42
.cache/R/library/jsonlite/Meta/features.rds,unchanged,efeebf7eda733834b9094906a02c7b94f3350038f22ba031ec9e1f29da466faa,efeebf7eda733834b9094906a02c7b94f3350038f22ba031ec9e1f29da466faa
.cache/R/library/jsonlite/Meta/hsearch.rds,unchanged,e7aaf041270715f99d5893096ae1721ae0dfd731415c45ff48fa050d6beffbdd,e7aaf041270715f99d5893096ae1721ae0dfd731415c45ff48fa050d6beffbdd
.cache/R/library/jsonlite/Meta/links.rds,unchanged,e94daf15e0267a537ffe3a9412ffd77b55d98f668edfeca7b48d1cc767ee1e6c,e94daf15e0267a537ffe3a9412ffd77b55d98f668edfeca7b48d1cc767ee1e6c
.cache/R/library/jsonlite/Meta/nsInfo.rds,unchanged,0893f34374902c507488273ca31cc97fdfdf0610157086bef4dd648501dec657,0893f34374902c507488273ca31cc97fdfdf0610157086bef4dd648501dec657
.cache/R/library/jsonlite/Meta/package.rds,unchanged,b953feeadf968ed42452acf13b59bcb8865fae5c825d837578357dae2e472ca0,b953feeadf968ed42452acf13b59bcb8865fae5c825d837578357dae2e472ca0
.cache/R/library/jsonlite/Meta/Rd.rds,unchanged,ba5bb3684934f8be9b16a2288e6804d314c5c72acc24514bee1a1a517a429bf1,ba5bb3684934f8be9b16a2288e6804d314c5c72acc24514bee1a1a517a429bf1
.cache/R/library/jsonlite/Meta/vignette.rds,unchanged,8ea37e6935ba68fda6254137853f0acb194cda0e1919b5c10ffa2bfec931816d,8ea37e6935ba68fda6254137853f0acb194cda0e1919b5c10ffa2bfec931816d
.cache/R/library/jsonlite/NAMESPACE,unchanged,583d8b0abdde3ef3e6443313dc14900b5cc7ccce6f3fe8c177c20ad4ce3b02d6,583d8b0abdde3ef3e6443313dc14900b5cc7ccce6f3fe8c177c20ad4ce3b02d6
.cache/R/library/jsonlite/NEWS,unchanged,d75360756cd538baafd2deece1b43eb183860b6e7c4f10138cdb3d78a23a65d6,d75360756cd538baafd2deece1b43eb183860b6e7c4f10138cdb3d78a23a65d6
.cache/R/library/jsonlite/R/jsonlite,unchanged,570ca456b280cdeb201ef5ebdf22dc8f80092e2c0c68e33c7f73340e420f3759,570ca456b280cdeb201ef5ebdf22dc8f80092e2c0c68e33c7f73340e420f3759
.cache/R/library/jsonlite/R/jsonlite.rdb,unchanged,4e8e1ea74167c83530f1c13fd1838db9ddb736520752cdae1133e3da09e53150,4e8e1ea74167c83530f1c13fd1838db9ddb736520752cdae1133e3da09e53150
.cache/R/library/jsonlite/R/jsonlite.rdx,unchanged,e02de6ed60b0cbe32a352e2c978d48d3d52a3ed8937a0cf3a1b84ecca17593f1,e02de6ed60b0cbe32a352e2c978d48d3d52a3ed8937a0cf3a1b84ecca17593f1
.cache/R/library/lifecycle/DESCRIPTION,unchanged,dc3f5f254fda1b917f7df266fb7a87f84bed86edf2c3bd43e6561fcde70fc4a1,dc3f5f254fda1b917f7df266fb7a87f84bed86edf2c3bd43e6561fcde70fc4a1
.cache/R/library/lifecycle/INDEX,unchanged,9dc42eb2161c516ee37b2d38a6a4c5e993e75c4665262c97c84fed6fa0e04fe1,9dc42eb2161c516ee37b2d38a6a4c5e993e75c4665262c97c84fed6fa0e04fe1
.cache/R/library/lifecycle/LICENSE,unchanged,950f917f975ec43d52acf4f97f913e0eeac12c18ffa8e6fb609d43641feac74b,950f917f975ec43d52acf4f97f913e0eeac12c18ffa8e6fb609d43641feac74b
.cache/R/library/lifecycle/lintr/linters.csv,unchanged,7588e6f290e2343bda5f2dca9dfc1b5c3d911884f6dc88e7dd32e539061c372f,7588e6f290e2343bda5f2dca9dfc1b5c3d911884f6dc88e7dd32e539061c372f
.cache/R/library/lifecycle/MD5,unchanged,d6b4263b39eb7f8636d46a76e1118fbadb069eaa33ecb740181d60e8f1163422,d6b4263b39eb7f8636d46a76e1118fbadb069eaa33ecb740181d60e8f1163422
.cache/R/library/lifecycle/Meta/features.rds,unchanged,efeebf7eda733834b9094906a02c7b94f3350038f22ba031ec9e1f29da466faa,efeebf7eda733834b9094906a02c7b94f3350038f22ba031ec9e1f29da466faa
.cache/R/library/lifecycle/Meta/hsearch.rds,unchanged,9d8d6cc5ae26f724f92eee79c63c309f1a4bc410798620ba05d11acc46b0cfb4,9d8d6cc5ae26f724f92eee79c63c309f1a4bc410798620ba05d11acc46b0cfb4
.cache/R/library/lifecycle/Meta/links.rds,unchanged,1f59e624f3c824fb63097ce54892b92cf2528f2faf45ee36c1f1644110a19f3f,1f59e624f3c824fb63097ce54892b92cf2528f2faf45ee36c1f1644110a19f3f
.cache/R/library/lifecycle/Meta/nsInfo.rds,unchanged,1c089c7611bda941257dffa6d7b545db1790b5e9ef6ec8ee56c1832c134f3e5a,1c089c7611bda941257dffa6d7b545db1790b5e9ef6ec8ee56c1832c134f3e5a
.cache/R/library/lifecycle/Meta/package.rds,unchanged,6e10f1442a0a3e875daa20033c99bb4655d6014ac1d104eeb623ac436ab39ac4,6e10f1442a0a3e875daa20033c99bb4655d6014ac1d104eeb623ac436ab39ac4
.cache/R/library/lifecycle/Meta/Rd.rds,unchanged,fcdacc59d3e5aa6864a90699ead838157e4cfc039abcf28f7c1887d75ebdc5e3,fcdacc59d3e5aa6864a90699ead838157e4cfc039abcf28f7c1887d75ebdc5e3
.cache/R/library/lifecycle/Meta/vignette.rds,unchanged,61b0b5fc7bdd5f390a65e0783dbfcbd6c80b5cd0be49df002b59ed70dadaa5a0,61b0b5fc7bdd5f390a65e0783dbfcbd6c80b5cd0be49df002b59ed70dadaa5a0
.cache/R/library/lifecycle/NAMESPACE,unchanged,bfb380d519a76cb580ebcb92fc46c0c6f7e296a33c108f0a74e334cfa154440b,bfb380d519a76cb580ebcb92fc46c0c6f7e296a33c108f0a74e334cfa154440b
.cache/R/library/lifecycle/NEWS.md,unchanged,360254f1aaa3bb2e1826dea0ffc8c0748108ae17d929d2768e3e4e116b894c32,360254f1aaa3bb2e1826dea0ffc8c0748108ae17d929d2768e3e4e116b894c32
.cache/R/library/lifecycle/R/lifecycle,unchanged,570ca456b280cdeb201ef5ebdf22dc8f80092e2c0c68e33c7f73340e420f3759,570ca456b280cdeb201ef5ebdf22dc8f80092e2c0c68e33c7f73340e420f3759
.cache/R/library/lifecycle/R/lifecycle.rdb,unchanged,fe45c66f236ea13451da682eb8e8a121db41096b4b3768545e6b31b71fef0fba,fe45c66f236ea13451da682eb8e8a121db41096b4b3768545e6b31b71fef0fba
.cache/R/library/lifecycle/R/lifecycle.rdx,unchanged,9e969a99725be0a063f0065d4c28422c52ee7d7d6cfea918e6b6f2a6b6e5a115,9e969a99725be0a063f0065d4c28422c52ee7d7d6cfea918e6b6f2a6b6e5a115
.cache/R/library/lifecycle/README.md,unchanged,6e48988d2b123f86030db2c650fb777defe701d8eb5a2e3d5c7e317f034d9d6e,6e48988d2b123f86030db2c650fb777defe701d8eb5a2e3d5c7e317f034d9d6e
.cache/R/library/magrittr/DESCRIPTION,unchanged,18b83cbf0189679387e194267284f6df1e0d6529718c115616ae6c9820ba695e,18b83cbf0189679387e194267284f6df1e0d6529718c115616ae6c9820ba695e
.cache/R/library/magrittr/INDEX,unchanged,f183a57d9a38a51dcb5bb45a8eaeae80dbb57a16b8e14471e25755961c7bbe28,f183a57d9a38a51dcb5bb45a8eaeae80dbb57a16b8e14471e25755961c7bbe28
.cache/R/library/magrittr/libs/x64/magrittr.dll,unchanged,7709c390c8698393d8fd7bfbc5b3044aa8181b9fa92b020000ac7a89ca49aca3,7709c390c8698393d8fd7bfbc5b3044aa8181b9fa92b020000ac7a89ca49aca3
.cache/R/library/magrittr/libs/x64/symbols.rds,unchanged,361bf62c7c19d8e04b1bd465cde494d8ff5755c86b66c8a3c256cee55f13601b,361bf62c7c19d8e04b1bd465cde494d8ff5755c86b66c8a3c256cee55f13601b
.cache/R/library/magrittr/LICENSE,unchanged,a0fc38a7d1f39765687d621dab45ab50f706ee6aa00289f90af5366079699542,a0fc38a7d1f39765687d621dab45ab50f706ee6aa00289f90af5366079699542
.cache/R/library/magrittr/logo-hex.png,unchanged,f5074d494cc57ae1412a1831df112d66c9c32492607c3b062fb48b60dbf88350,f5074d494cc57ae1412a1831df112d66c9c32492607c3b062fb48b60dbf88350
.cache/R/library/magrittr/logo-hex.svg,unchanged,fde94f21c5a954e2e55f92cc1928521e0550986664abf915de4ac7c7e9b5945c,fde94f21c5a954e2e55f92cc1928521e0550986664abf915de4ac7c7e9b5945c
.cache/R/library/magrittr/logo.png,unchanged,9ea08445a1b2875b2f113d1b15fafaeae62911c41b36563eefb6e0154081b0a2,9ea08445a1b2875b2f113d1b15fafaeae62911c41b36563eefb6e0154081b0a2
.cache/R/library/magrittr/logo.svg,unchanged,82f73f573ad9d7dba8305ae777507c60c67738e5c66f5101807c37cc78ee677f,82f73f573ad9d7dba8305ae777507c60c67738e5c66f5101807c37cc78ee677f
.cache/R/library/magrittr/MD5,unchanged,9516c623b2636cdd7a7b26b18a93ec77ab1f5d391c305a7adce1149917fc2c49,9516c623b2636cdd7a7b26b18a93ec77ab1f5d391c305a7adce1149917fc2c49
.cache/R/library/magrittr/Meta/features.rds,unchanged,efeebf7eda733834b9094906a02c7b94f3350038f22ba031ec9e1f29da466faa,efeebf7eda733834b9094906a02c7b94f3350038f22ba031ec9e1f29da466faa
.cache/R/library/magrittr/Meta/hsearch.rds,unchanged,e0b92a7947b2a6fb8e3ae8e9fe3de82b8ecbff5e8ed32a61ca023da3110aa37f,e0b92a7947b2a6fb8e3ae8e9fe3de82b8ecbff5e8ed32a61ca023da3110aa37f
.cache/R/library/magrittr/Meta/links.rds,unchanged,bddf6fb87c4e46eaad81ff403523953f0d77d0ba6e588b1331684d49951a1f66,bddf6fb87c4e46eaad81ff403523953f0d77d0ba6e588b1331684d49951a1f66
.cache/R/library/magrittr/Meta/nsInfo.rds,unchanged,4dbc6847506fb31d6a83cf4dee068c3e889525c162f243b44f8be443da849efe,4dbc6847506fb31d6a83cf4dee068c3e889525c162f243b44f8be443da849efe
.cache/R/library/magrittr/Meta/package.rds,unchanged,b679ed53dd71321b197a220288f268e0a83a530d707325c9d888f5c825d147e6,b679ed53dd71321b197a220288f268e0a83a530d707325c9d888f5c825d147e6
.cache/R/library/magrittr/Meta/Rd.rds,unchanged,0ed4963941c88bd6703bd5aa180f2ab2819aac2a2bdc0a502693c2c29f87a8a6,0ed4963941c88bd6703bd5aa180f2ab2819aac2a2bdc0a502693c2c29f87a8a6
.cache/R/library/magrittr/Meta/vignette.rds,unchanged,8c3884b0274ff26d659a8f5808f2aa1856eb919a29107d122cde3c0b0b0918b6,8c3884b0274ff26d659a8f5808f2aa1856eb919a29107d122cde3c0b0b0918b6
.cache/R/library/magrittr/NAMESPACE,unchanged,930153a0f4fa881cd3e584ba41806a9512b1e220fb87d320ae54e941369931d3,930153a0f4fa881cd3e584ba41806a9512b1e220fb87d320ae54e941369931d3
.cache/R/library/magrittr/NEWS.md,unchanged,7582126dd7e3a5af26792536bf0ebf1298e36d16812ddaa12e61351e23add377,7582126dd7e3a5af26792536bf0ebf1298e36d16812ddaa12e61351e23add377
.cache/R/library/magrittr/R/magrittr,unchanged,570ca456b280cdeb201ef5ebdf22dc8f80092e2c0c68e33c7f73340e420f3759,570ca456b280cdeb201ef5ebdf22dc8f80092e2c0c68e33c7f73340e420f3759
.cache/R/library/magrittr/R/magrittr.rdb,unchanged,bb16ef67c7507ca36658916cfbad03e454f1618219c79ba0515b22f1e770a63e,bb16ef67c7507ca36658916cfbad03e454f1618219c79ba0515b22f1e770a63e
.cache/R/library/magrittr/R/magrittr.rdx,unchanged,4d74fd357fa8827362bbd8a7717b262772335edba6daf3cb094778e759bfae4d,4d74fd357fa8827362bbd8a7717b262772335edba6daf3cb094778e759bfae4d
.cache/R/library/magrittr/README.md,unchanged,3538173c571d4e787623c106cc51d5ce22aaa8ead5cc149e70c485043d40de5f,3538173c571d4e787623c106cc51d5ce22aaa8ead5cc149e70c485043d40de5f
.cache/R/library/mnormt/CITATION,unchanged,63c729fc20e98720d3e1193d9046c2becb37215d52d451e6bd2a53f3e8148d23,63c729fc20e98720d3e1193d9046c2becb37215d52d451e6bd2a53f3e8148d23
.cache/R/library/mnormt/DESCRIPTION,unchanged,fa5111c501e93a51f8bdc15763a2caa81075fc497ef04d928fd5cd19464614d0,fa5111c501e93a51f8bdc15763a2caa81075fc497ef04d928fd5cd19464614d0
.cache/R/library/mnormt/INDEX,unchanged,a4fe3c0d53b68f64be71b0aebb275f5e07af707086f2b0985139e570811a4254,a4fe3c0d53b68f64be71b0aebb275f5e07af707086f2b0985139e570811a4254
.cache/R/library/mnormt/libs/x64/mnormt.dll,unchanged,391ff3cebf4a9491d8ad4f692fa272a67266103d89fd0d2039c47ddcac828739,391ff3cebf4a9491d8ad4f692fa272a67266103d89fd0d2039c47ddcac828739
.cache/R/library/mnormt/libs/x64/symbols.rds,unchanged,35c3b4303f73d36bdd332599900296504201c79bbd00a4ed903f6b571b6fd0ed,35c3b4303f73d36bdd332599900296504201c79bbd00a4ed903f6b571b6fd0ed
.cache/R/library/mnormt/MD5,unchanged,84dcdc051de5665d0e24e8be451df0d63a00177b7c918839d1d3ad3ec3c503a4,84dcdc051de5665d0e24e8be451df0d63a00177b7c918839d1d3ad3ec3c503a4
.cache/R/library/mnormt/Meta/features.rds,unchanged,d7c4768207ee4eb81ddf48f3c827ee84d899b8ef253771f8e64a1adf80ae35ed,d7c4768207ee4eb81ddf48f3c827ee84d899b8ef253771f8e64a1adf80ae35ed
.cache/R/library/mnormt/Meta/hsearch.rds,unchanged,9e6f54bb78234a03485f539f55ad2eb74a0af1f6d556b2f78802a41ac190b441,9e6f54bb78234a03485f539f55ad2eb74a0af1f6d556b2f78802a41ac190b441
.cache/R/library/mnormt/Meta/links.rds,unchanged,605ebf3705be34a828a3cf37c9e12ac81442d021b1b2c7c2808b11933d4586c7,605ebf3705be34a828a3cf37c9e12ac81442d021b1b2c7c2808b11933d4586c7
.cache/R/library/mnormt/Meta/nsInfo.rds,unchanged,e4f99f98303120b52d93258b5f5e11b91f3323347953764fdbc4774a667533b7,e4f99f98303120b52d93258b5f5e11b91f3323347953764fdbc4774a667533b7
.cache/R/library/mnormt/Meta/package.rds,unchanged,340712047783f4d6acbc2127256638c2b00adef46e937f9a5b266c54c7a49bff,340712047783f4d6acbc2127256638c2b00adef46e937f9a5b266c54c7a49bff
.cache/R/library/mnormt/Meta/Rd.rds,unchanged,48cf70b53fc60dae2a7357ab6b4e521381697557e6b27594697b70877ef174d9,48cf70b53fc60dae2a7357ab6b4e521381697557e6b27594697b70877ef174d9
.cache/R/library/mnormt/NAMESPACE,unchanged,49e9a9b4d3398fbf706c477e6b5e6e58f005da118ea72a07c9bc5321eb608f88,49e9a9b4d3398fbf706c477e6b5e6e58f005da118ea72a07c9bc5321eb608f88
.cache/R/library/mnormt/NEWS.Rd,unchanged,5f1db88352fa92329a48658167b5de3153dc81b1ab2ab19dbaf220865e943c05,5f1db88352fa92329a48658167b5de3153dc81b1ab2ab19dbaf220865e943c05
.cache/R/library/mnormt/notice-Genz,unchanged,a99bc6ffbb88d860e8e3896c4016c9c40973dfb000e1faff91ba82bb1a4aad4d,a99bc6ffbb88d860e8e3896c4016c9c40973dfb000e1faff91ba82bb1a4aad4d
.cache/R/library/mnormt/R/mnormt,unchanged,570ca456b280cdeb201ef5ebdf22dc8f80092e2c0c68e33c7f73340e420f3759,570ca456b280cdeb201ef5ebdf22dc8f80092e2c0c68e33c7f73340e420f3759
.cache/R/library/mnormt/R/mnormt.rdb,unchanged,7fffaf451e03ab0df3dbb5337b3114175c509b441e0b0e00e3537f1141562c5f,7fffaf451e03ab0df3dbb5337b3114175c509b441e0b0e00e3537f1141562c5f
.cache/R/library/mnormt/R/mnormt.rdx,unchanged,b7f35d2eb7ba16850482a98d2a2a84efb202e7f13aa4513d4e044b0998ea795c,b7f35d2eb7ba16850482a98d2a2a84efb202e7f13aa4513d4e044b0998ea795c
.cache/R/library/msm/CITATION,unchanged,b5772f4115c18aa6dcdc40e959b8d183783db118d1e8ace5e884e4e33d14afa9,b5772f4115c18aa6dcdc40e959b8d183783db118d1e8ace5e884e4e33d14afa9
.cache/R/library/msm/data/Rdata.rdb,unchanged,5c41066d96826335d33b1f6caeeb933f96a7f052f0bc3326edfadf6b34962726,5c41066d96826335d33b1f6caeeb933f96a7f052f0bc3326edfadf6b34962726
.cache/R/library/msm/data/Rdata.rds,unchanged,3a1da30847dd487fcb6dd3a7b85cd507e383af5b209a7fa1263ca41d3556e34c,3a1da30847dd487fcb6dd3a7b85cd507e383af5b209a7fa1263ca41d3556e34c
.cache/R/library/msm/data/Rdata.rdx,unchanged,e2e8ec9912c4eb6219590ff724ec39e34600ab12fdde34d5b9af8c686a285999,e2e8ec9912c4eb6219590ff724ec39e34600ab12fdde34d5b9af8c686a285999
.cache/R/library/msm/DESCRIPTION,unchanged,836fe97a9c8653813f2c39035510d15d68c47a0882bba5e8ccb1e07eda462be3,836fe97a9c8653813f2c39035510d15d68c47a0882bba5e8ccb1e07eda462be3
.cache/R/library/msm/INDEX,unchanged,c73ad085882ed479562b84aa4eea713045c8ac987bd8e3cbd53c5b7d382b4c82,c73ad085882ed479562b84aa4eea713045c8ac987bd8e3cbd53c5b7d382b4c82
.cache/R/library/msm/libs/x64/msm.dll,unchanged,18f29d5e752c00a45877fde9da080806a7e6f6da3243b782fb027071a0f30905,18f29d5e752c00a45877fde9da080806a7e6f6da3243b782fb027071a0f30905
.cache/R/library/msm/libs/x64/symbols.rds,unchanged,952db2084621ce52f688a0301ca3e426f0a3affc8af1a3b1af50b6f5be562bb5,952db2084621ce52f688a0301ca3e426f0a3affc8af1a3b1af50b6f5be562bb5
.cache/R/library/msm/MD5,unchanged,29ec15434983d3a552333ccbea6617c59486025c17e116158bd10c48f09b7823,29ec15434983d3a552333ccbea6617c59486025c17e116158bd10c48f09b7823
.cache/R/library/msm/Meta/data.rds,unchanged,bcbf1c920899ff67795f9a9c26991f3ab7573671c985c58bcaa854bd033ab7cb,bcbf1c920899ff67795f9a9c26991f3ab7573671c985c58bcaa854bd033ab7cb
.cache/R/library/msm/Meta/features.rds,unchanged,efeebf7eda733834b9094906a02c7b94f3350038f22ba031ec9e1f29da466faa,efeebf7eda733834b9094906a02c7b94f3350038f22ba031ec9e1f29da466faa
.cache/R/library/msm/Meta/hsearch.rds,unchanged,77b902591d7589caee276fc9f4d4d6e5fd7e57fd879465d043939a62b47636ca,77b902591d7589caee276fc9f4d4d6e5fd7e57fd879465d043939a62b47636ca
.cache/R/library/msm/Meta/links.rds,unchanged,bd5de8a05efccc1119a6ac879aa67b0fe1165bd798ae807d80e98d41b82898a1,bd5de8a05efccc1119a6ac879aa67b0fe1165bd798ae807d80e98d41b82898a1
.cache/R/library/msm/Meta/nsInfo.rds,unchanged,c3012fce1d559366f73e55b631283bc535ada4dd7ad871d47104508ac93fa811,c3012fce1d559366f73e55b631283bc535ada4dd7ad871d47104508ac93fa811
.cache/R/library/msm/Meta/package.rds,unchanged,cc6312af923eb4881b6b7812445af303dea60b189da2de2b7e046d51b98a0b36,cc6312af923eb4881b6b7812445af303dea60b189da2de2b7e046d51b98a0b36
.cache/R/library/msm/Meta/Rd.rds,unchanged,37891966c7522ec619dfa95d8152de84043dc9b80c10c3d8d343df46d7f3034a,37891966c7522ec619dfa95d8152de84043dc9b80c10c3d8d343df46d7f3034a
.cache/R/library/msm/Meta/vignette.rds,unchanged,f8580401a1e57990da36c6d0aff181c58dd0138d6964dfacb997026ccf092ca3,f8580401a1e57990da36c6d0aff181c58dd0138d6964dfacb997026ccf092ca3
.cache/R/library/msm/NAMESPACE,unchanged,63eaba3546312b6d7d17de5ab2cfd6d6017017b80b2f2df9206f845c936b093f,63eaba3546312b6d7d17de5ab2cfd6d6017017b80b2f2df9206f845c936b093f
.cache/R/library/msm/NEWS,unchanged,1220882b1f1107d6c95fff097cbab5d0a44414b9906ee2722ad28121cdb562cb,1220882b1f1107d6c95fff097cbab5d0a44414b9906ee2722ad28121cdb562cb
.cache/R/library/msm/NEWS.md,unchanged,f275fcfc136c7b65821390e73c0b680e56a22182eeefaced68ddabfe4d7ef550,f275fcfc136c7b65821390e73c0b680e56a22182eeefaced68ddabfe4d7ef550
.cache/R/library/msm/R/msm,unchanged,570ca456b280cdeb201ef5ebdf22dc8f80092e2c0c68e33c7f73340e420f3759,570ca456b280cdeb201ef5ebdf22dc8f80092e2c0c68e33c7f73340e420f3759
.cache/R/library/msm/R/msm.rdb,unchanged,0ce1a3c2052ae4ba92dfcf531c9e24800bd39eab5e7599f0dbb99b2e16c2b609,0ce1a3c2052ae4ba92dfcf531c9e24800bd39eab5e7599f0dbb99b2e16c2b609
.cache/R/library/msm/R/msm.rdx,unchanged,62391592d9d823f83fbe38e3ae9668eedb89d413d7ef48d0a136e7cb7584f29d,62391592d9d823f83fbe38e3ae9668eedb89d413d7ef48d0a136e7cb7584f29d
.cache/R/library/mvtnorm/C_API_Example/DESCRIPTION,unchanged,f258d6eb04ad0ff2ce16584577826308b8315c56211ebebb4c72a3bd98bad66c,f258d6eb04ad0ff2ce16584577826308b8315c56211ebebb4c72a3bd98bad66c
.cache/R/library/mvtnorm/C_API_Example/NAMESPACE,unchanged,957bcdab89901c3dc15f3034b64726d8ace72a42b263d97ffbfcd9fab025d628,957bcdab89901c3dc15f3034b64726d8ace72a42b263d97ffbfcd9fab025d628
.cache/R/library/mvtnorm/C_API_Example/R/test.R,unchanged,3ddada42a1aced32afc2b550626fb87c7b1a60fef723e0e19f7be6c4aa41cc72,3ddada42a1aced32afc2b550626fb87c7b1a60fef723e0e19f7be6c4aa41cc72
.cache/R/library/mvtnorm/C_API_Example/src/test.c,unchanged,0a8512156642437ece9a9d5be5c47a7aa9e8ed7f59fcbfeda4b5201183c5e80e,0a8512156642437ece9a9d5be5c47a7aa9e8ed7f59fcbfeda4b5201183c5e80e
.cache/R/library/mvtnorm/C_API_Example/tests/test.R,unchanged,6f7fea2fa8712303cee54638a51646115811b8cb22c92d74eed1baedae66ed5c,6f7fea2fa8712303cee54638a51646115811b8cb22c92d74eed1baedae66ed5c
.cache/R/library/mvtnorm/CITATION,unchanged,7c7702a2fd93fcec3dae1aa2f764b22278cc69ebfeb37c8a1a25993ae6b9d39e,7c7702a2fd93fcec3dae1aa2f764b22278cc69ebfeb37c8a1a25993ae6b9d39e
.cache/R/library/mvtnorm/DESCRIPTION,unchanged,e22f049ca08b19d65721c59b0892eef5f65eb0e2b16f87efba438787dee0eac6,e22f049ca08b19d65721c59b0892eef5f65eb0e2b16f87efba438787dee0eac6
.cache/R/library/mvtnorm/INDEX,unchanged,4c9a005a0a6482d9b2048aed7480463eb58c027ce06c72b883ee0db454a9fd4d,4c9a005a0a6482d9b2048aed7480463eb58c027ce06c72b883ee0db454a9fd4d
.cache/R/library/mvtnorm/libs/x64/mvtnorm.dll,unchanged,d9e1e9446927e20b85d11730d9a1d8349adf97611b7aabb3e68859269ea4ea35,d9e1e9446927e20b85d11730d9a1d8349adf97611b7aabb3e68859269ea4ea35
.cache/R/library/mvtnorm/libs/x64/symbols.rds,unchanged,4378618b110529d999a294529f51f899a16d1ae9cdb645296d5d365c6f3e22e7,4378618b110529d999a294529f51f899a16d1ae9cdb645296d5d365c6f3e22e7
.cache/R/library/mvtnorm/MD5,unchanged,a5694d24aaa4c13e3282e1946f42c1928dd7b7b5e70bb1ce2f20c1f477e3ce99,a5694d24aaa4c13e3282e1946f42c1928dd7b7b5e70bb1ce2f20c1f477e3ce99
.cache/R/library/mvtnorm/Meta/features.rds,unchanged,efeebf7eda733834b9094906a02c7b94f3350038f22ba031ec9e1f29da466faa,efeebf7eda733834b9094906a02c7b94f3350038f22ba031ec9e1f29da466faa
.cache/R/library/mvtnorm/Meta/hsearch.rds,unchanged,d46ffb858cf280b0941ba0a7b3e21968b964a9f6937fec3638e7545590324575,d46ffb858cf280b0941ba0a7b3e21968b964a9f6937fec3638e7545590324575
.cache/R/library/mvtnorm/Meta/links.rds,unchanged,d8a0a19418ce3a0977ef6a79d18207be338f2d75243e425360dd3852be185512,d8a0a19418ce3a0977ef6a79d18207be338f2d75243e425360dd3852be185512
.cache/R/library/mvtnorm/Meta/nsInfo.rds,unchanged,ac96ff1d14756e6a4dfbf91aaa00af5140e420159cae648df8455186675f74ed,ac96ff1d14756e6a4dfbf91aaa00af5140e420159cae648df8455186675f74ed
.cache/R/library/mvtnorm/Meta/package.rds,unchanged,12b746b11685b41ad4df14fdd41a71de514e191f74ca49cf76c0baf872c317ef,12b746b11685b41ad4df14fdd41a71de514e191f74ca49cf76c0baf872c317ef
.cache/R/library/mvtnorm/Meta/Rd.rds,unchanged,8a26c72add77baf32f42950524c10ab6bfa7d7a407a804078b1a45d92d75c750,8a26c72add77baf32f42950524c10ab6bfa7d7a407a804078b1a45d92d75c750
.cache/R/library/mvtnorm/Meta/vignette.rds,unchanged,6c3a44930965020c6098f780d87c658da6d5bbd0f891e6ce957f36971d182c2d,6c3a44930965020c6098f780d87c658da6d5bbd0f891e6ce957f36971d182c2d
.cache/R/library/mvtnorm/NAMESPACE,unchanged,153f602c146131a9d86d3c5841525b3993d07d02a9f11d718fce4bfc1c342536,153f602c146131a9d86d3c5841525b3993d07d02a9f11d718fce4bfc1c342536
.cache/R/library/mvtnorm/NEWS.old,unchanged,ef8fecbbcc191090b51b8e009ba4930eff2fe292ee6559f27b4234992d5bdbd4,ef8fecbbcc191090b51b8e009ba4930eff2fe292ee6559f27b4234992d5bdbd4
.cache/R/library/mvtnorm/NEWS.Rd,unchanged,05fcdeaa24d9ee3a65e1c988f86aa091b4541278deffd2b01fd7edc7d93d07ac,05fcdeaa24d9ee3a65e1c988f86aa091b4541278deffd2b01fd7edc7d93d07ac
.cache/R/library/mvtnorm/nuweb/lmvnorm_src.w,unchanged,05d21c7d4fbe743294f367a1ea4c19e188bc4cac3f7c4740c6a688d37db2e567,05d21c7d4fbe743294f367a1ea4c19e188bc4cac3f7c4740c6a688d37db2e567
.cache/R/library/mvtnorm/R/mvtnorm,unchanged,570ca456b280cdeb201ef5ebdf22dc8f80092e2c0c68e33c7f73340e420f3759,570ca456b280cdeb201ef5ebdf22dc8f80092e2c0c68e33c7f73340e420f3759
.cache/R/library/mvtnorm/R/mvtnorm.rdb,unchanged,827dfeb4fc71c041c174fac81c0ac0429d73d914c12eca92f51f30bcdcd1ef75,827dfeb4fc71c041c174fac81c0ac0429d73d914c12eca92f51f30bcdcd1ef75
.cache/R/library/mvtnorm/R/mvtnorm.rdx,unchanged,30f9f8d6ad1ce94fb50a0181cf9b8078f51f251adfde98e018b40a7610ce162a,30f9f8d6ad1ce94fb50a0181cf9b8078f51f251adfde98e018b40a7610ce162a
.cache/R/library/mvtnorm/REFERENCES.bib,unchanged,4ed9229a53ba660fca7b01bfd2b5177f160c93ac200ad1c95ebbf773a864a2ec,4ed9229a53ba660fca7b01bfd2b5177f160c93ac200ad1c95ebbf773a864a2ec
.cache/R/library/pillar/DESCRIPTION,unchanged,406f3b4466b9092843b2a21f9f32796003ea5d515be63be1f743001f5b451e48,406f3b4466b9092843b2a21f9f32796003ea5d515be63be1f743001f5b451e48
.cache/R/library/pillar/INDEX,unchanged,8ca644f2c8c6fcb4a1ed41b9f396a2f5356b91eba303e83a6015b49c6abb34d4,8ca644f2c8c6fcb4a1ed41b9f396a2f5356b91eba303e83a6015b49c6abb34d4
.cache/R/library/pillar/LICENSE,unchanged,f2f750126100f2772e0f428b1d97e2f5b175e39254a3db729a1ffc15aa1bb13b,f2f750126100f2772e0f428b1d97e2f5b175e39254a3db729a1ffc15aa1bb13b
.cache/R/library/pillar/MD5,unchanged,5d1c11bc18e16f0f999a75ac4e5eaab2e60f97cdcc2bae535f36e1b8d67819f6,5d1c11bc18e16f0f999a75ac4e5eaab2e60f97cdcc2bae535f36e1b8d67819f6
.cache/R/library/pillar/Meta/features.rds,unchanged,efeebf7eda733834b9094906a02c7b94f3350038f22ba031ec9e1f29da466faa,efeebf7eda733834b9094906a02c7b94f3350038f22ba031ec9e1f29da466faa
.cache/R/library/pillar/Meta/hsearch.rds,unchanged,21bd71efce513940c5c21ddc115881fc09ee59ccd9deacc1586de9e2ef054a52,21bd71efce513940c5c21ddc115881fc09ee59ccd9deacc1586de9e2ef054a52
.cache/R/library/pillar/Meta/links.rds,unchanged,1ae57151290dafdec83098a74a2a8c75d8de047721431e4165fef4350407b678,1ae57151290dafdec83098a74a2a8c75d8de047721431e4165fef4350407b678
.cache/R/library/pillar/Meta/nsInfo.rds,unchanged,84cf13dfd577b03f90e5e4ba2591d4b431174d32e6846825171f6b99e50fdf02,84cf13dfd577b03f90e5e4ba2591d4b431174d32e6846825171f6b99e50fdf02
.cache/R/library/pillar/Meta/package.rds,unchanged,7b9fcae1a1e2db9ff2eefe138e88f2a444d9d38cfdd29a3c70cf4aab23774753,7b9fcae1a1e2db9ff2eefe138e88f2a444d9d38cfdd29a3c70cf4aab23774753
.cache/R/library/pillar/Meta/Rd.rds,unchanged,d3318a4448390c06b87269cb906bb5622f5e16cdf72e4d0a31af01ce307b043c,d3318a4448390c06b87269cb906bb5622f5e16cdf72e4d0a31af01ce307b043c
.cache/R/library/pillar/Meta/vignette.rds,unchanged,61f37c75434e17292f1dc6d980225ca5315d31e455026af4d5bc4a7ae1c91e97,61f37c75434e17292f1dc6d980225ca5315d31e455026af4d5bc4a7ae1c91e97
.cache/R/library/pillar/NAMESPACE,unchanged,1e1e37e7c06078798b524cee3b226d2625b78caddc59d3f826eeba9f575349b3,1e1e37e7c06078798b524cee3b226d2625b78caddc59d3f826eeba9f575349b3
.cache/R/library/pillar/NEWS.md,unchanged,afb7228dcb5a1c0945a0f90a58030d6d541c4f9bad68ec3a9d04299508855729,afb7228dcb5a1c0945a0f90a58030d6d541c4f9bad68ec3a9d04299508855729
.cache/R/library/pillar/R/pillar,unchanged,570ca456b280cdeb201ef5ebdf22dc8f80092e2c0c68e33c7f73340e420f3759,570ca456b280cdeb201ef5ebdf22dc8f80092e2c0c68e33c7f73340e420f3759
.cache/R/library/pillar/R/pillar.rdb,unchanged,b0d1292fc26741c1d7591e1d29a2aee69529c71d9ace4b6fda740ddafc20c1b2,b0d1292fc26741c1d7591e1d29a2aee69529c71d9ace4b6fda740ddafc20c1b2
.cache/R/library/pillar/R/pillar.rdx,unchanged,8e7fa932790d5840c52d2e3c6a4a2a1118a0bd8c28e0dd0ad4df704640c46989,8e7fa932790d5840c52d2e3c6a4a2a1118a0bd8c28e0dd0ad4df704640c46989
.cache/R/library/pillar/README.md,unchanged,296454c9b99e4368d3a69528a8f0861d429144327be70e93d31b2931f1dcfddd,296454c9b99e4368d3a69528a8f0861d429144327be70e93d31b2931f1dcfddd
.cache/R/library/pillar/WORDLIST,unchanged,55bdbb1cd657efda91443771425cd59a74eae36e13dfa01c5f1a26f32df45372,55bdbb1cd657efda91443771425cd59a74eae36e13dfa01c5f1a26f32df45372
.cache/R/library/pkgconfig/DESCRIPTION,unchanged,86abddef0de505fb4b3e61593c9b600d5e4198955b25a3d94b7b610795fbab83,86abddef0de505fb4b3e61593c9b600d5e4198955b25a3d94b7b610795fbab83
.cache/R/library/pkgconfig/INDEX,unchanged,32a5e34269a0c3909ef49d64db4077449e122c90623252d606af4578ae440059,32a5e34269a0c3909ef49d64db4077449e122c90623252d606af4578ae440059
.cache/R/library/pkgconfig/LICENSE,unchanged,375d96241b4a2ead695a70ac4f52909d35b164fe1b68dd67e935a7d8f6a47bf7,375d96241b4a2ead695a70ac4f52909d35b164fe1b68dd67e935a7d8f6a47bf7
.cache/R/library/pkgconfig/MD5,unchanged,9e18943e287fe32fa3f3d885d40b81b5c1e5f641587f99a0245834b06cc2f960,9e18943e287fe32fa3f3d885d40b81b5c1e5f641587f99a0245834b06cc2f960
.cache/R/library/pkgconfig/Meta/features.rds,unchanged,efeebf7eda733834b9094906a02c7b94f3350038f22ba031ec9e1f29da466faa,efeebf7eda733834b9094906a02c7b94f3350038f22ba031ec9e1f29da466faa
.cache/R/library/pkgconfig/Meta/hsearch.rds,unchanged,7c01334d24684b4e0b5a26c734068e019c35ee22e99a85f002d70847ee5b2deb,7c01334d24684b4e0b5a26c734068e019c35ee22e99a85f002d70847ee5b2deb
.cache/R/library/pkgconfig/Meta/links.rds,unchanged,81e8258996a53ba05e800495c16a61edf01d64ccaad68a5ccd2e234ed9586de9,81e8258996a53ba05e800495c16a61edf01d64ccaad68a5ccd2e234ed9586de9
.cache/R/library/pkgconfig/Meta/nsInfo.rds,unchanged,da8ad35658a054bf3db484ed15a0c9e2ac0db8652f2ab03331a7026b0b633c5f,da8ad35658a054bf3db484ed15a0c9e2ac0db8652f2ab03331a7026b0b633c5f
.cache/R/library/pkgconfig/Meta/package.rds,unchanged,2dee9ded8fd136623e2d9f22ccd878b670a2c2647e68961b9b0e9d779e5f9c84,2dee9ded8fd136623e2d9f22ccd878b670a2c2647e68961b9b0e9d779e5f9c84
.cache/R/library/pkgconfig/Meta/Rd.rds,unchanged,00969a4e0e5d9051e5580926f50598dfa0b885d25d7e83f4bf35b506653aa683,00969a4e0e5d9051e5580926f50598dfa0b885d25d7e83f4bf35b506653aa683
.cache/R/library/pkgconfig/NAMESPACE,unchanged,b7e504072e91226799de1c3fefc2bdc5be605d462f6f54382c24de8981f0b149,b7e504072e91226799de1c3fefc2bdc5be605d462f6f54382c24de8981f0b149
.cache/R/library/pkgconfig/NEWS.markdown,unchanged,d33bc6958285f93c55dc23930b9280416fd929e25c304cb15adddd87b9e345bd,d33bc6958285f93c55dc23930b9280416fd929e25c304cb15adddd87b9e345bd
.cache/R/library/pkgconfig/R/pkgconfig,unchanged,570ca456b280cdeb201ef5ebdf22dc8f80092e2c0c68e33c7f73340e420f3759,570ca456b280cdeb201ef5ebdf22dc8f80092e2c0c68e33c7f73340e420f3759
.cache/R/library/pkgconfig/R/pkgconfig.rdb,unchanged,3e0c9692027d2cecd74de0212c3d6bf93a5007289314bc72e157befa79fac62f,3e0c9692027d2cecd74de0212c3d6bf93a5007289314bc72e157befa79fac62f
.cache/R/library/pkgconfig/R/pkgconfig.rdx,unchanged,17e07fd91bc8ba030cec76e7fcc864f4e94381ff9d342b556276af1d1938dda4,17e07fd91bc8ba030cec76e7fcc864f4e94381ff9d342b556276af1d1938dda4
.cache/R/library/pkgconfig/README.markdown,unchanged,1dd4466c1549b978bab20b340b37eba5737bb67966886ed50b0a638d2bbcb318,1dd4466c1549b978bab20b340b37eba5737bb67966886ed50b0a638d2bbcb318
.cache/R/library/pkgconfig/README.Rmd,unchanged,1dd4466c1549b978bab20b340b37eba5737bb67966886ed50b0a638d2bbcb318,1dd4466c1549b978bab20b340b37eba5737bb67966886ed50b0a638d2bbcb318
.cache/R/library/plotrix/CITATION,unchanged,fceafa7959c9b36a0012d9aa6b37d7cd6f6487f2d57716a1c1fcadb61aa19825,fceafa7959c9b36a0012d9aa6b37d7cd6f6487f2d57716a1c1fcadb61aa19825
.cache/R/library/plotrix/data/death_reg.rda,unchanged,5b7c5b996b8d6cc95457cb8d989978153946d9c15b5217c1a6cf9c555b3cb97f,5b7c5b996b8d6cc95457cb8d989978153946d9c15b5217c1a6cf9c555b3cb97f
.cache/R/library/plotrix/data/l2010.rda,unchanged,cd3b405e1c84134c866ff3665210bed0d9d87e788c0ce5bec1666de19e51e9fe,cd3b405e1c84134c866ff3665210bed0d9d87e788c0ce5bec1666de19e51e9fe
.cache/R/library/plotrix/data/soils.rda,unchanged,9c349eb40520b9e040f024110ec32538a5adfadb20deee04484e56d9aad7767a,9c349eb40520b9e040f024110ec32538a5adfadb20deee04484e56d9aad7767a
.cache/R/library/plotrix/DESCRIPTION,unchanged,6cd1546c5af46d431d9cf9d17dc6a3f231394b083a6ce88e5f121592c12cf324,6cd1546c5af46d431d9cf9d17dc6a3f231394b083a6ce88e5f121592c12cf324
.cache/R/library/plotrix/INDEX,unchanged,f3ab441af20bde8dcf3032f7e6480dc403973c7901049b49f30ce574f3f021bd,f3ab441af20bde8dcf3032f7e6480dc403973c7901049b49f30ce574f3f021bd
.cache/R/library/plotrix/MD5,unchanged,e96230d8fa7c429e42c42038abf791f9e71cdc9e1bb274597da420100ff5038a,e96230d8fa7c429e42c42038abf791f9e71cdc9e1bb274597da420100ff5038a
.cache/R/library/plotrix/Meta/data.rds,unchanged,76c962179279316bd937704ac2605927d63bf7248e8bf1bc60d31a097bc03212,76c962179279316bd937704ac2605927d63bf7248e8bf1bc60d31a097bc03212
.cache/R/library/plotrix/Meta/demo.rds,unchanged,beef39a7aebc6eb783d1ca3b3e214c4423b5b6aec6513d2de6d9f8561ad69b1e,beef39a7aebc6eb783d1ca3b3e214c4423b5b6aec6513d2de6d9f8561ad69b1e
.cache/R/library/plotrix/Meta/features.rds,unchanged,d7c4768207ee4eb81ddf48f3c827ee84d899b8ef253771f8e64a1adf80ae35ed,d7c4768207ee4eb81ddf48f3c827ee84d899b8ef253771f8e64a1adf80ae35ed
.cache/R/library/plotrix/Meta/hsearch.rds,unchanged,029290ecabacea7feca98c843ad7b1d407c7436b018e12ac31784bd4991f4738,029290ecabacea7feca98c843ad7b1d407c7436b018e12ac31784bd4991f4738
.cache/R/library/plotrix/Meta/links.rds,unchanged,3b0238010ea701fe1fdf886e4870d0dee952c1098f8c62c4a977d74b1b966340,3b0238010ea701fe1fdf886e4870d0dee952c1098f8c62c4a977d74b1b966340
.cache/R/library/plotrix/Meta/nsInfo.rds,unchanged,1a1df4bc468feeee983646fffc6115b2495f7a7cdd44f8d59682e3350e67b781,1a1df4bc468feeee983646fffc6115b2495f7a7cdd44f8d59682e3350e67b781
.cache/R/library/plotrix/Meta/package.rds,unchanged,c108a9a8ce840f99913de7da921f4d42d671d58b55f2eecd0fe8935ec9200afc,c108a9a8ce840f99913de7da921f4d42d671d58b55f2eecd0fe8935ec9200afc
.cache/R/library/plotrix/Meta/Rd.rds,unchanged,6ff64924da990d3032dac592b8400635416bbbf9cdd6cabb1907dd2ebad6069b,6ff64924da990d3032dac592b8400635416bbbf9cdd6cabb1907dd2ebad6069b
.cache/R/library/plotrix/NAMESPACE,unchanged,23f1e5d6ed4dbfd0ce49bdec3a92aa5d4add8fbc487f8f2e47c7389b13bac802,23f1e5d6ed4dbfd0ce49bdec3a92aa5d4add8fbc487f8f2e47c7389b13bac802
.cache/R/library/plotrix/NEWS,unchanged,d6e47202863679d71cb892441c324d13ea3f3c968926018654014376fa1da0dc,d6e47202863679d71cb892441c324d13ea3f3c968926018654014376fa1da0dc
.cache/R/library/plotrix/R/plotrix,unchanged,570ca456b280cdeb201ef5ebdf22dc8f80092e2c0c68e33c7f73340e420f3759,570ca456b280cdeb201ef5ebdf22dc8f80092e2c0c68e33c7f73340e420f3759
.cache/R/library/plotrix/R/plotrix.rdb,unchanged,becd93c3453d22bd69eadd6ff9bb5c82140a86a230b5366abdf9d0508350f84c,becd93c3453d22bd69eadd6ff9bb5c82140a86a230b5366abdf9d0508350f84c
.cache/R/library/plotrix/R/plotrix.rdx,unchanged,c9be8c9aed64a3252c900db15986063e673466d1293b5e5bdbe00b5ba3761caa,c9be8c9aed64a3252c900db15986063e673466d1293b5e5bdbe00b5ba3761caa
.cache/R/library/plotrix/README.md,unchanged,dad070a2284d6872de51174fcad4c1d23c79c29f2c01361bbd0710e85738e7e1,dad070a2284d6872de51174fcad4c1d23c79c29f2c01361bbd0710e85738e7e1
.cache/R/library/Rcpp/announce/ANNOUNCE-0.10.0.txt,unchanged,7296bdcfd6b3dfae18014a06a536600fdb5f1aab9a9fa94456d986ae08d050ea,7296bdcfd6b3dfae18014a06a536600fdb5f1aab9a9fa94456d986ae08d050ea
.cache/R/library/Rcpp/announce/ANNOUNCE-0.11.0.txt,unchanged,e064c9a77a4acdc55eb9074495d0229687d99d0a36420481981e9f2675011925,e064c9a77a4acdc55eb9074495d0229687d99d0a36420481981e9f2675011925
.cache/R/library/Rcpp/announce/ANNOUNCE-0.6.0.txt,unchanged,178c35db0d2fd6febc8a0ce764da72956d4684fa965a1b2bc8aa395d25bf610d,178c35db0d2fd6febc8a0ce764da72956d4684fa965a1b2bc8aa395d25bf610d
.cache/R/library/Rcpp/announce/ANNOUNCE-0.7.0.txt,unchanged,787a81fa26374777bf2b292f499be73eda1ffdfa196175d8045415f00911b866,787a81fa26374777bf2b292f499be73eda1ffdfa196175d8045415f00911b866
.cache/R/library/Rcpp/announce/ANNOUNCE-0.8.0.txt,unchanged,3e253e4ccded0c4058b446efb9ad551bc7423acb25e23f5d81b7b080cc0dacff,3e253e4ccded0c4058b446efb9ad551bc7423acb25e23f5d81b7b080cc0dacff
.cache/R/library/Rcpp/announce/ANNOUNCE-0.9.0.txt,unchanged,381ffaeff1e689348010fd77f3b505df44677208a70209b4ca0e3090f945616f,381ffaeff1e689348010fd77f3b505df44677208a70209b4ca0e3090f945616f
.cache/R/library/Rcpp/bib/Rcpp.bib,unchanged,9493460ce82bae69718a5f1d19687790b683449650b16479914869888b1e30fa,9493460ce82bae69718a5f1d19687790b683449650b16479914869888b1e30fa
.cache/R/library/Rcpp/CITATION,unchanged,7c38ab3dd66efbfb7a99498d02f7a8fc5080abceea3957f69ab7105da630166e,7c38ab3dd66efbfb7a99498d02f7a8fc5080abceea3957f69ab7105da630166e
.cache/R/library/Rcpp/DESCRIPTION,unchanged,c89e76d4cee2745bd296b57c300b1302f07a522118c286344b7ab263ae971687,c89e76d4cee2745bd296b57c300b1302f07a522118c286344b7ab263ae971687
.cache/R/library/Rcpp/discovery/cxx0x.R,unchanged,f23f0446f42456501a710b85e5e67f91b312aae58856ad0f220b3eee9c43d8a1,f23f0446f42456501a710b85e5e67f91b312aae58856ad0f220b3eee9c43d8a1
.cache/R/library/Rcpp/examples/Attributes/cppFunction.R,unchanged,0a0bf2a04f8c9e2e662617820589e88ef572150799b5234faa9d686ea6c2f33d,0a0bf2a04f8c9e2e662617820589e88ef572150799b5234faa9d686ea6c2f33d
.cache/R/library/Rcpp/examples/Attributes/Depends.cpp,unchanged,3edd409a061fc1380a81abd8d467c8c483b37734c5a07ef6eb77437b47b9c5cb,3edd409a061fc1380a81abd8d467c8c483b37734c5a07ef6eb77437b47b9c5cb
.cache/R/library/Rcpp/examples/Attributes/Export.cpp,unchanged,86d4da289ebb6bdaed64380d30b7b936922ec8d4e5b82fb37386b1ae575aba48,86d4da289ebb6bdaed64380d30b7b936922ec8d4e5b82fb37386b1ae575aba48
.cache/R/library/Rcpp/examples/Attributes/sourceCpp.R,unchanged,d32c655ed9942eea8cd5ba0084a419c32d0a2c61da9b4722b2b5f37bad9faf91,d32c655ed9942eea8cd5ba0084a419c32d0a2c61da9b4722b2b5f37bad9faf91
.cache/R/library/Rcpp/examples/ConvolveBenchmarks/buildAndRun.sh,unchanged,1d0a1092a88d632fedbbb3fab5e76317e71a40a3f179e4e53896f39c24ee980b,1d0a1092a88d632fedbbb3fab5e76317e71a40a3f179e4e53896f39c24ee980b
.cache/R/library/Rcpp/examples/ConvolveBenchmarks/convolve10_cpp.cpp,unchanged,4a4b9fc3b8cf2e796d9f4adf08c3fab03ee9d01710026754211e130dd4aa1002,4a4b9fc3b8cf2e796d9f4adf08c3fab03ee9d01710026754211e130dd4aa1002
.cache/R/library/Rcpp/examples/ConvolveBenchmarks/convolve10_cpp.h,unchanged,941f7f9304d2b3f2a33cf7d57fc0ce486c81aefe6362bdf28d98982509fe30b4,941f7f9304d2b3f2a33cf7d57fc0ce486c81aefe6362bdf28d98982509fe30b4
.cache/R/library/Rcpp/examples/ConvolveBenchmarks/convolve11_cpp.cpp,unchanged,6d7864bb9d4e71219af40cbb574d78eb06e78af7eb18f759e4444d7456b66b49,6d7864bb9d4e71219af40cbb574d78eb06e78af7eb18f759e4444d7456b66b49
.cache/R/library/Rcpp/examples/ConvolveBenchmarks/convolve12_cpp.cpp,unchanged,4f41973344e02ea46a4460fc77d979d728031c56e8eb249b053b68369f00e400,4f41973344e02ea46a4460fc77d979d728031c56e8eb249b053b68369f00e400
.cache/R/library/Rcpp/examples/ConvolveBenchmarks/convolve13_cpp.cpp,unchanged,6e1727885f4427d3ad8770027210e41035ed5ff60c76ecb7059d572297b76882,6e1727885f4427d3ad8770027210e41035ed5ff60c76ecb7059d572297b76882
.cache/R/library/Rcpp/examples/ConvolveBenchmarks/convolve14_cpp.cpp,unchanged,b1b384a629967f6d066cb0be5e453eb26c76189b6d9a1ba45af9e48c683944c0,b1b384a629967f6d066cb0be5e453eb26c76189b6d9a1ba45af9e48c683944c0
.cache/R/library/Rcpp/examples/ConvolveBenchmarks/convolve2_c.c,unchanged,6d774645a9cfb570f2440bb447ab5a9876bd1733f07d739a1867e34ab629a822,6d774645a9cfb570f2440bb447ab5a9876bd1733f07d739a1867e34ab629a822
.cache/R/library/Rcpp/examples/ConvolveBenchmarks/convolve3_cpp.cpp,unchanged,d55f83bed4fc59fca253703f142906b2969ccb05b6650b76789dfc65846099bc,d55f83bed4fc59fca253703f142906b2969ccb05b6650b76789dfc65846099bc
.cache/R/library/Rcpp/examples/ConvolveBenchmarks/convolve4_cpp.cpp,unchanged,4d8058926fd44be55ed333e1fd7ad0e7e8ec158ed5dd3ffc6164bd6d982e5aca,4d8058926fd44be55ed333e1fd7ad0e7e8ec158ed5dd3ffc6164bd6d982e5aca
.cache/R/library/Rcpp/examples/ConvolveBenchmarks/convolve5_cpp.cpp,unchanged,96b10f190e4ee99ecf17af16efacc4d42a0c970b32885b3d3c5dc6b7d6ba1efc,96b10f190e4ee99ecf17af16efacc4d42a0c970b32885b3d3c5dc6b7d6ba1efc
.cache/R/library/Rcpp/examples/ConvolveBenchmarks/convolve7_c.c,unchanged,f39bd7faac3dc0ccb8b9851f514ef0ff0c6d9bbe37194582ce872b1970068bf2,f39bd7faac3dc0ccb8b9851f514ef0ff0c6d9bbe37194582ce872b1970068bf2
.cache/R/library/Rcpp/examples/ConvolveBenchmarks/convolve8_cpp.cpp,unchanged,bf790d285e850feee1e93cb2bc1fb56a901dfd43a3f1730ef20dd495858feede,bf790d285e850feee1e93cb2bc1fb56a901dfd43a3f1730ef20dd495858feede
.cache/R/library/Rcpp/examples/ConvolveBenchmarks/convolve9_cpp.cpp,unchanged,fafd0bd92e3774417956d7f60334d8aa79b9e31d000912443438c606d4813249,fafd0bd92e3774417956d7f60334d8aa79b9e31d000912443438c606d4813249
.cache/R/library/Rcpp/examples/ConvolveBenchmarks/exampleRCode.r,unchanged,80876c23b6640a9a6d40950557b8f7dd699c082644e8df904ed42a1c23fc1ed5,80876c23b6640a9a6d40950557b8f7dd699c082644e8df904ed42a1c23fc1ed5
.cache/R/library/Rcpp/examples/ConvolveBenchmarks/GNUmakefile,unchanged,5575f124b2902edaa1c1a7693e4a6d83be812b618bddb26890bbd012faba41aa,5575f124b2902edaa1c1a7693e4a6d83be812b618bddb26890bbd012faba41aa
.cache/R/library/Rcpp/examples/ConvolveBenchmarks/loopmacro.h,unchanged,3ce76bc77b0e265799fbe65e8ab7fafb001de8c8bfbb4dae7c80d64d01a15030,3ce76bc77b0e265799fbe65e8ab7fafb001de8c8bfbb4dae7c80d64d01a15030
.cache/R/library/Rcpp/examples/ConvolveBenchmarks/overhead.r,unchanged,437b7e3123921992dc55d89cdb49c3613b6e44b843980feb38d331e8a5afe3d1,437b7e3123921992dc55d89cdb49c3613b6e44b843980feb38d331e8a5afe3d1
.cache/R/library/Rcpp/examples/ConvolveBenchmarks/overhead.sh,unchanged,b688e470061d9a83d615ef51ac7abe335547f7423e800634a0e2dfeac8d6cdbd,b688e470061d9a83d615ef51ac7abe335547f7423e800634a0e2dfeac8d6cdbd
.cache/R/library/Rcpp/examples/ConvolveBenchmarks/overhead_1.cpp,unchanged,ca42ab8954a60dd69055d7b038698445e547f12812634dd0b0c63fd2733b521a,ca42ab8954a60dd69055d7b038698445e547f12812634dd0b0c63fd2733b521a
.cache/R/library/Rcpp/examples/ConvolveBenchmarks/overhead_2.c,unchanged,b3842c3d2375bea90c5fe432e27c7ebd6dc81028ceb3aa7318645334d8fe4b2d,b3842c3d2375bea90c5fe432e27c7ebd6dc81028ceb3aa7318645334d8fe4b2d
.cache/R/library/Rcpp/examples/FastLM/benchmark.r,unchanged,7be9166e007cac5ac8c1f0fb33ae395a5414923cbdc7faaace57f42d8d64aa5e,7be9166e007cac5ac8c1f0fb33ae395a5414923cbdc7faaace57f42d8d64aa5e
.cache/R/library/Rcpp/examples/FastLM/benchmarkLongley.r,unchanged,c11ab2e91232b21112fdaa7ae8d4660dc3b518bb5ae28da28fb27f166524f2f5,c11ab2e91232b21112fdaa7ae8d4660dc3b518bb5ae28da28fb27f166524f2f5
.cache/R/library/Rcpp/examples/FastLM/fastLMviaArmadillo.r,unchanged,21a059cb34a2ce2475d494f8bb5a9124d284d3f61a283323d74aed0455aba6db,21a059cb34a2ce2475d494f8bb5a9124d284d3f61a283323d74aed0455aba6db
.cache/R/library/Rcpp/examples/FastLM/fastLMviaGSL.r,unchanged,3b7cddc5c0c81936ea8afbd4439b4875999e89b1ecd8000105b2f7468564bc57,3b7cddc5c0c81936ea8afbd4439b4875999e89b1ecd8000105b2f7468564bc57
.cache/R/library/Rcpp/examples/FastLM/lmArmadillo.R,unchanged,c6b793265c756b641528832f8e42ed3333b3afecb55531b6f82435cc6e8fcb5e,c6b793265c756b641528832f8e42ed3333b3afecb55531b6f82435cc6e8fcb5e
.cache/R/library/Rcpp/examples/FastLM/lmGSL.R,unchanged,da1e7ead0e5ae609c388e6ddd27b1de8abafd0125dc36b4355d6fbe2bcd8c80b,da1e7ead0e5ae609c388e6ddd27b1de8abafd0125dc36b4355d6fbe2bcd8c80b
.cache/R/library/Rcpp/examples/functionCallback/newApiExample.r,unchanged,af04c265f022fdd60cddc16553003391c08a143db7d0befa595eb919086e9d33,af04c265f022fdd60cddc16553003391c08a143db7d0befa595eb919086e9d33
.cache/R/library/Rcpp/examples/functionCallback/README,unchanged,d1d20b768bddbeab1db82c163314604948142940a5e028eaafe122ee2f3711ee,d1d20b768bddbeab1db82c163314604948142940a5e028eaafe122ee2f3711ee
.cache/R/library/Rcpp/examples/Misc/fibonacci.r,unchanged,abb5de9329fd6d5c5431dcc8c53fa066565de0553e437e5f0b20586773e68973,abb5de9329fd6d5c5431dcc8c53fa066565de0553e437e5f0b20586773e68973
.cache/R/library/Rcpp/examples/Misc/ifelseLooped.r,unchanged,eee67f016448de8d45030d024912dd7d406bdb79a4d5814cc8b7fc91e25540cb,eee67f016448de8d45030d024912dd7d406bdb79a4d5814cc8b7fc91e25540cb
.cache/R/library/Rcpp/examples/Misc/newFib.r,unchanged,6f5ce89ef65c1ef2e69d046eb29b294e47d1a20ef04830f9e3c7ed08d819950f,6f5ce89ef65c1ef2e69d046eb29b294e47d1a20ef04830f9e3c7ed08d819950f
.cache/R/library/Rcpp/examples/Misc/piBySimulation.r,unchanged,8dd4a24d599160e334e6ae0d16f3032799ca5e7af6b4581efd730c91e3f266a5,8dd4a24d599160e334e6ae0d16f3032799ca5e7af6b4581efd730c91e3f266a5
.cache/R/library/Rcpp/examples/Misc/piSugar.cpp,unchanged,6b0eeb567a3d3b915b569021cc6b667c5813c4b790d85bd4e40146e4a168a13b,6b0eeb567a3d3b915b569021cc6b667c5813c4b790d85bd4e40146e4a168a13b
.cache/R/library/Rcpp/examples/OpenMP/check.R,unchanged,ee68c1623bd3d9528a4410c9c1f024230f3f224a6d3c697540e4b48634aa313e,ee68c1623bd3d9528a4410c9c1f024230f3f224a6d3c697540e4b48634aa313e
.cache/R/library/Rcpp/examples/OpenMP/GNUmakefile,unchanged,171f723be35e7b6a448dfcb00cfa1c952ab31ad7d24eeec712031ba764bd5dcc,171f723be35e7b6a448dfcb00cfa1c952ab31ad7d24eeec712031ba764bd5dcc
.cache/R/library/Rcpp/examples/OpenMP/OpenMPandInline.r,unchanged,a38bcf882ccd546d078d6958a29cd790085554b34c392209ceae10954249ad1b,a38bcf882ccd546d078d6958a29cd790085554b34c392209ceae10954249ad1b
.cache/R/library/Rcpp/examples/OpenMP/piWithInterrupts.cpp,unchanged,b43f4ba4704930ace8c0be8aec145cf6fbc8df8a30db82d27db57628ba459184,b43f4ba4704930ace8c0be8aec145cf6fbc8df8a30db82d27db57628ba459184
.cache/R/library/Rcpp/examples/performance/extractors.R,unchanged,38cd58d7e888ec5dd2eb0f0d9a3f8d011eaeb75390b0dcce6eee9a1c80df1269,38cd58d7e888ec5dd2eb0f0d9a3f8d011eaeb75390b0dcce6eee9a1c80df1269
.cache/R/library/Rcpp/examples/performance/performance.R,unchanged,82531eb746ced2cd7eec676a5179a40f36f9901c6953e9a4effd82366dd2188a,82531eb746ced2cd7eec676a5179a40f36f9901c6953e9a4effd82366dd2188a
.cache/R/library/Rcpp/examples/RcppGibbs/RcppGibbs.R,unchanged,ded1035513aa40bc657ef09ed952669b4f103d55c0a3dae3afbefacf0ad21bcd,ded1035513aa40bc657ef09ed952669b4f103d55c0a3dae3afbefacf0ad21bcd
.cache/R/library/Rcpp/examples/RcppGibbs/RcppGibbs_Updated.R,unchanged,47b5e3b8506dae3691e2793062a37f4c789427a47a3f3abebe6349a1f755e701,47b5e3b8506dae3691e2793062a37f4c789427a47a3f3abebe6349a1f755e701
.cache/R/library/Rcpp/examples/RcppGibbs/timeRNGs.R,unchanged,99b0467d813c9ba486981f4d9f2228a564fc57d9dcf98ad7216c5f54c7002168,99b0467d813c9ba486981f4d9f2228a564fc57d9dcf98ad7216c5f54c7002168
.cache/R/library/Rcpp/examples/RcppInline/external_pointer.r,unchanged,2351113925f5199f477bff5794fea3ec7778d341d3367eb5c1e61375e42ee3a8,2351113925f5199f477bff5794fea3ec7778d341d3367eb5c1e61375e42ee3a8
.cache/R/library/Rcpp/examples/RcppInline/RcppInlineExample.r,unchanged,904051b5d97ab2f586ea202e2553221535f5b350f1eb93ddda3c605b0d916710,904051b5d97ab2f586ea202e2553221535f5b350f1eb93ddda3c605b0d916710
.cache/R/library/Rcpp/examples/RcppInline/RcppInlineWithLibsExamples.r,unchanged,00c33f9305fc5ff05a0a7ae32a7fb31ca500dbc2ea8407eabd4eafac875616df,00c33f9305fc5ff05a0a7ae32a7fb31ca500dbc2ea8407eabd4eafac875616df
.cache/R/library/Rcpp/examples/RcppInline/RcppSimpleExample.r,unchanged,3d172dd832ab529dc562ed8ff76f659f46ea6a7dfdb67f38aef352adb37da308,3d172dd832ab529dc562ed8ff76f659f46ea6a7dfdb67f38aef352adb37da308
.cache/R/library/Rcpp/examples/RcppInline/RObject.r,unchanged,8668e858c97e6628d40667d398afb6fb3c113bf64faccc93871b9740e25d345d,8668e858c97e6628d40667d398afb6fb3c113bf64faccc93871b9740e25d345d
.cache/R/library/Rcpp/examples/RcppInline/UncaughtExceptions.r,unchanged,cd0681b95b5e3b3df09f4267cd58cb0c599733c02df3824d5681cd946255e40b,cd0681b95b5e3b3df09f4267cd58cb0c599733c02df3824d5681cd946255e40b
.cache/R/library/Rcpp/examples/SugarPerformance/sugarBenchmarks.R,unchanged,edd6fe9056483b9c6c2563b52b5e5631e55adac2ef1413df9df36d4fa8efbdc7,edd6fe9056483b9c6c2563b52b5e5631e55adac2ef1413df9df36d4fa8efbdc7
.cache/R/library/Rcpp/examples/SugarPerformance/Timer.h,unchanged,866afa267557a7dedeff2ab4234288e7da9fdd6ad846ab5f427e51fb2f34bce2,866afa267557a7dedeff2ab4234288e7da9fdd6ad846ab5f427e51fb2f34bce2
.cache/R/library/Rcpp/examples/SugarPerformance/Timertest.cpp,unchanged,156f2d4ac155a6e76e052bdb1b58b5efbc29856943902cd1091ec48cdde89301,156f2d4ac155a6e76e052bdb1b58b5efbc29856943902cd1091ec48cdde89301
.cache/R/library/Rcpp/INDEX,unchanged,905629c39c4741b6052e79a6ed16267f452b1ee7f60e83d4bc427eaf56e98f67,905629c39c4741b6052e79a6ed16267f452b1ee7f60e83d4bc427eaf56e98f67
.cache/R/library/Rcpp/libs/x64/Rcpp.dll,unchanged,392050addfd140860977425c723a41332b61e03dc0110b81f26b46550ba84d67,392050addfd140860977425c723a41332b61e03dc0110b81f26b46550ba84d67
.cache/R/library/Rcpp/libs/x64/symbols.rds,unchanged,d502cc61261cba4b850276abb838944998f28624bd95c503f173159c89bf4769,d502cc61261cba4b850276abb838944998f28624bd95c503f173159c89bf4769
.cache/R/library/Rcpp/MD5,unchanged,3cc72ca7ba4658109a4e826e2a4bd857aa2dbf63376b70954ac08fb4a774260a,3cc72ca7ba4658109a4e826e2a4bd857aa2dbf63376b70954ac08fb4a774260a
.cache/R/library/Rcpp/Meta/features.rds,unchanged,efeebf7eda733834b9094906a02c7b94f3350038f22ba031ec9e1f29da466faa,efeebf7eda733834b9094906a02c7b94f3350038f22ba031ec9e1f29da466faa
.cache/R/library/Rcpp/Meta/hsearch.rds,unchanged,70241fe92c7800838b7740cc8e8dcc7b1e1a81d50c02c36c076bcda81c79725a,70241fe92c7800838b7740cc8e8dcc7b1e1a81d50c02c36c076bcda81c79725a
.cache/R/library/Rcpp/Meta/links.rds,unchanged,b1f7cf270d523289d2c8e35df20b899042c408a2b49a8b0460137d8d16885d9e,b1f7cf270d523289d2c8e35df20b899042c408a2b49a8b0460137d8d16885d9e
.cache/R/library/Rcpp/Meta/nsInfo.rds,unchanged,26e78c4e823dae150f0cbb0235b10141cda353be070b49f7c74ac6eeb56a41c0,26e78c4e823dae150f0cbb0235b10141cda353be070b49f7c74ac6eeb56a41c0
.cache/R/library/Rcpp/Meta/package.rds,unchanged,f9b64de226f54039eef0354b04e57e8cae3e62a46e4b3c94fb4e3ec7a4a21a53,f9b64de226f54039eef0354b04e57e8cae3e62a46e4b3c94fb4e3ec7a4a21a53
.cache/R/library/Rcpp/Meta/Rd.rds,unchanged,2f94d69a55384df860c0ecb18f68d8e468c683e4f52f15a9d94aa4c260589e6e,2f94d69a55384df860c0ecb18f68d8e468c683e4f52f15a9d94aa4c260589e6e
.cache/R/library/Rcpp/Meta/vignette.rds,unchanged,33fa168bdfbcec383dbd74598b1a55437dca2c8653288594ff3f82d4a0aa8dc6,33fa168bdfbcec383dbd74598b1a55437dca2c8653288594ff3f82d4a0aa8dc6
.cache/R/library/Rcpp/NAMESPACE,unchanged,9ba0cd65d62c05b44f623cbfb2714a140881db52911d66f37885bfe35090d837,9ba0cd65d62c05b44f623cbfb2714a140881db52911d66f37885bfe35090d837
.cache/R/library/Rcpp/NEWS.Rd,unchanged,a6b844e4ebde329057e5c59a5f2b4beabd6296e314e3ce503d56795ac669cc1f,a6b844e4ebde329057e5c59a5f2b4beabd6296e314e3ce503d56795ac669cc1f
.cache/R/library/Rcpp/prompt/module.Rd,unchanged,ab0b1997c7e91c75b5ec312eb7d9d484bcdb370f1254377d28c5a88099d9c0f8,ab0b1997c7e91c75b5ec312eb7d9d484bcdb370f1254377d28c5a88099d9c0f8
.cache/R/library/Rcpp/R/Rcpp,unchanged,570ca456b280cdeb201ef5ebdf22dc8f80092e2c0c68e33c7f73340e420f3759,570ca456b280cdeb201ef5ebdf22dc8f80092e2c0c68e33c7f73340e420f3759
.cache/R/library/Rcpp/R/Rcpp.rdb,unchanged,7c958f363fe5c8f9184a0d317a07013c04dfbe20cc544b38a7c1c8a1beb61512,7c958f363fe5c8f9184a0d317a07013c04dfbe20cc544b38a7c1c8a1beb61512
.cache/R/library/Rcpp/R/Rcpp.rdx,unchanged,94cff8e01d41cf4f8b572bb020f10a2898f592e08f47e7af8baca44c4bdf9c19,94cff8e01d41cf4f8b572bb020f10a2898f592e08f47e7af8baca44c4bdf9c19
.cache/R/library/Rcpp/README.md,unchanged,9c6c3a722f8266350650f037ab210f2cfe9f54d09db45dcee93b3c0087a860e1,9c6c3a722f8266350650f037ab210f2cfe9f54d09db45dcee93b3c0087a860e1
.cache/R/library/Rcpp/skeleton/manual-page-stub.Rd,unchanged,424b799d2289c52dd6d745a1e59b739278cac807ad70d8e38c40eba227b37db9,424b799d2289c52dd6d745a1e59b739278cac807ad70d8e38c40eba227b37db9
.cache/R/library/Rcpp/skeleton/Num.cpp,unchanged,160a69cd4235ad84a474247fb4fe450e6cddce8f16cb8a09deea7aa5e3910b8c,160a69cd4235ad84a474247fb4fe450e6cddce8f16cb8a09deea7aa5e3910b8c
.cache/R/library/Rcpp/skeleton/rcpp_hello_world.cpp,unchanged,1bac981c68c47dc10f798e71ce7807927f2381ab2387cff4eb41a176dcdc4873,1bac981c68c47dc10f798e71ce7807927f2381ab2387cff4eb41a176dcdc4873
.cache/R/library/Rcpp/skeleton/rcpp_hello_world.h,unchanged,7fb73e8c4072e9b78e2ef04dcc80c60d06cc39c21971abc8101bb64cc6058207,7fb73e8c4072e9b78e2ef04dcc80c60d06cc39c21971abc8101bb64cc6058207
.cache/R/library/Rcpp/skeleton/rcpp_hello_world.R,unchanged,e95bdae2e54eb5f9033f38ffb69faae319c26e5882315bea4a30155573f776ee,e95bdae2e54eb5f9033f38ffb69faae319c26e5882315bea4a30155573f776ee
.cache/R/library/Rcpp/skeleton/rcpp_hello_world.Rd,unchanged,254093c83a069cdc07ea9f00b9891d8adf61995a873ad4badf2dfcf7f435bb17,254093c83a069cdc07ea9f00b9891d8adf61995a873ad4badf2dfcf7f435bb17
.cache/R/library/Rcpp/skeleton/rcpp_hello_world_attributes.cpp,unchanged,7e09daa1b85225442942ff853d45618323c56b85a553c5188cec2fd1009cd620,7e09daa1b85225442942ff853d45618323c56b85a553c5188cec2fd1009cd620
.cache/R/library/Rcpp/skeleton/rcpp_module.cpp,unchanged,097b529907bc20def00afbd505ad6c0f9972ee3f8c67d25f797d744d4b5a01d5,097b529907bc20def00afbd505ad6c0f9972ee3f8c67d25f797d744d4b5a01d5
.cache/R/library/Rcpp/skeleton/Rcpp_modules_examples.Rd,unchanged,ba7d2a1c3d6a9c96269e336f6f9f20d3d41f52f50f4a910bdb096c1a2fc3317a,ba7d2a1c3d6a9c96269e336f6f9f20d3d41f52f50f4a910bdb096c1a2fc3317a
.cache/R/library/Rcpp/skeleton/stdVector.cpp,unchanged,5870108d7a9d37db33adf43160fc4d48ec914841d61a5fc49dcf9b54ed38f698,5870108d7a9d37db33adf43160fc4d48ec914841d61a5fc49dcf9b54ed38f698
.cache/R/library/Rcpp/skeleton/zzz.R,unchanged,22eb83c62b826eca8a854091d02acb9bd2cf6dde20263ec1763fc6db7c01f81e,22eb83c62b826eca8a854091d02acb9bd2cf6dde20263ec1763fc6db7c01f81e
.cache/R/library/Rcpp/tinytest/bin/amd64/r-cran-testrcpppackage_0.1.0-1_amd64.deb,unchanged,431339b8ed1e7a7f354e70a982f64535ec75dcabe5d8b4c25161cd81bd8d7f13,431339b8ed1e7a7f354e70a982f64535ec75dcabe5d8b4c25161cd81bd8d7f13
.cache/R/library/Rcpp/tinytest/bin/i386/r-cran-testrcpppackage_0.1.0-1_i386.deb,unchanged,924e3c73da76efe92bdc7d247f887a9fcd2b74ebdb22c67766e9669620342b17,924e3c73da76efe92bdc7d247f887a9fcd2b74ebdb22c67766e9669620342b17
.cache/R/library/Rcpp/tinytest/cpp/algorithm.cpp,unchanged,bbfd3b4bea9aa513913f5ebd355eda29a7b5e9b38d2af438314c2e3593d971d7,bbfd3b4bea9aa513913f5ebd355eda29a7b5e9b38d2af438314c2e3593d971d7
.cache/R/library/Rcpp/tinytest/cpp/as.cpp,unchanged,ccf04651a12db8944303a4fe073ef8a7f1be97f2269b4ed9e3a14d21f6de1049,ccf04651a12db8944303a4fe073ef8a7f1be97f2269b4ed9e3a14d21f6de1049
.cache/R/library/Rcpp/tinytest/cpp/attributes.cpp,unchanged,585fd8d91c55e57ee98f1959069ad8d7406e8c457641f26c54de755cfb34243a,585fd8d91c55e57ee98f1959069ad8d7406e8c457641f26c54de755cfb34243a
.cache/R/library/Rcpp/tinytest/cpp/attributes.hpp,unchanged,87138de7a7c70511296867e922e757cab1886a045cb9a66c2d4565b568bf8427,87138de7a7c70511296867e922e757cab1886a045cb9a66c2d4565b568bf8427
.cache/R/library/Rcpp/tinytest/cpp/attributes_extended.cpp,unchanged,17db29dfbfb91bd10a52c248ffc5bc597a6818089642a3bb781ce08e5804ce5b,17db29dfbfb91bd10a52c248ffc5bc597a6818089642a3bb781ce08e5804ce5b
.cache/R/library/Rcpp/tinytest/cpp/coerce.cpp,unchanged,41c428022962065d050bb5ac793ede4a614665a50733db10e2502c2cb5cfd003,41c428022962065d050bb5ac793ede4a614665a50733db10e2502c2cb5cfd003
.cache/R/library/Rcpp/tinytest/cpp/DataFrame.cpp,unchanged,d9c7dfa55452434df114bca6ef0e8f9ae023186f5578f205314edb97f6ea0e2f,d9c7dfa55452434df114bca6ef0e8f9ae023186f5578f205314edb97f6ea0e2f
.cache/R/library/Rcpp/tinytest/cpp/dates.cpp,unchanged,2405a6aa1c67cc581122c76e819985ff1f0c087fc96c6d49918baa648b0a25ad,2405a6aa1c67cc581122c76e819985ff1f0c087fc96c6d49918baa648b0a25ad
.cache/R/library/Rcpp/tinytest/cpp/dispatch.cpp,unchanged,a3f3b4305eb22f63c3447590fca96101d58de02fca1c11ced1ca25de8a8ead6c,a3f3b4305eb22f63c3447590fca96101d58de02fca1c11ced1ca25de8a8ead6c
.cache/R/library/Rcpp/tinytest/cpp/embeddedR.cpp,unchanged,5ace5759e78d704b04dfb441c650c9bec97aa5815b8e7d709fb34022b5794a8e,5ace5759e78d704b04dfb441c650c9bec97aa5815b8e7d709fb34022b5794a8e
.cache/R/library/Rcpp/tinytest/cpp/embeddedR2.cpp,unchanged,6dcb547d0c4eb850bd1171b28330d5e5411fd6e6dd719336f806191a20563619,6dcb547d0c4eb850bd1171b28330d5e5411fd6e6dd719336f806191a20563619
.cache/R/library/Rcpp/tinytest/cpp/Environment.cpp,unchanged,dd0aee4ec170d3b77d28dc27c899919e1334de79ce74769253e973d92eadb0aa,dd0aee4ec170d3b77d28dc27c899919e1334de79ce74769253e973d92eadb0aa
.cache/R/library/Rcpp/tinytest/cpp/exceptions.cpp,unchanged,3dc7f0ca5c525b82de90dda4291693993ed34cec9aa1e2eb1e3e21e18134f17d,3dc7f0ca5c525b82de90dda4291693993ed34cec9aa1e2eb1e3e21e18134f17d
.cache/R/library/Rcpp/tinytest/cpp/Exceptions_nocall.cpp,unchanged,50f0d671bf53fe97215f8791b3c5adac3d2da61f0791b1e6e2610985011d76c2,50f0d671bf53fe97215f8791b3c5adac3d2da61f0791b1e6e2610985011d76c2
.cache/R/library/Rcpp/tinytest/cpp/Function.cpp,unchanged,2e6830b192ecce46682342d70eac46e619e71e97046862658fb3cd5e2c37145a,2e6830b192ecce46682342d70eac46e619e71e97046862658fb3cd5e2c37145a
.cache/R/library/Rcpp/tinytest/cpp/InternalFunction.cpp,unchanged,4cff68cee0b4d7762941b5218f7250be66a465a866222942c476b92da14c25cf,4cff68cee0b4d7762941b5218f7250be66a465a866222942c476b92da14c25cf
.cache/R/library/Rcpp/tinytest/cpp/InternalFunctionCPP11.cpp,unchanged,c3574bf0c4aface875017b97f1ebb656d88c81f0cb37fa2f19d7447f3bc9a236,c3574bf0c4aface875017b97f1ebb656d88c81f0cb37fa2f19d7447f3bc9a236
.cache/R/library/Rcpp/tinytest/cpp/language.cpp,unchanged,259780268c3da8b964df109e7c77b1c2e957e65563c3185c41b4df332212ecb1,259780268c3da8b964df109e7c77b1c2e957e65563c3185c41b4df332212ecb1
.cache/R/library/Rcpp/tinytest/cpp/ListOf.cpp,unchanged,af871536dc9f78baebcb1177f8c34b36c4afec959d338df3aca145119a8d647d,af871536dc9f78baebcb1177f8c34b36c4afec959d338df3aca145119a8d647d
.cache/R/library/Rcpp/tinytest/cpp/Matrix.cpp,unchanged,7572d6637591a82cd303282644c95ff6a6ffe13b7d11ffa49853bb08f93b4f04,7572d6637591a82cd303282644c95ff6a6ffe13b7d11ffa49853bb08f93b4f04
.cache/R/library/Rcpp/tinytest/cpp/misc.cpp,unchanged,fd2e0d001f276557b77a4699346c84f2053da1a1a31ba5016c1cb20ca10678fc,fd2e0d001f276557b77a4699346c84f2053da1a1a31ba5016c1cb20ca10678fc
.cache/R/library/Rcpp/tinytest/cpp/modref.cpp,unchanged,bc64a556cf04d755cbd55029762e51e53c431b9ffdf5aa74d00b1af472c05e95,bc64a556cf04d755cbd55029762e51e53c431b9ffdf5aa74d00b1af472c05e95
.cache/R/library/Rcpp/tinytest/cpp/Module.cpp,unchanged,4d205c3c0a79c0c27ff42fd03288ce45dd2bfe7c42e322d6051290530f1ae62a,4d205c3c0a79c0c27ff42fd03288ce45dd2bfe7c42e322d6051290530f1ae62a
.cache/R/library/Rcpp/tinytest/cpp/na.cpp,unchanged,50569a8dda0e146bcda875d530375f824b0661c9c9ef4b1764e26d830362068f,50569a8dda0e146bcda875d530375f824b0661c9c9ef4b1764e26d830362068f
.cache/R/library/Rcpp/tinytest/cpp/rcppversion.cpp,unchanged,eb21e1db6e184c1993e6a8d40671c4c535eab21d6e44c24086a5d4c8043faf37,eb21e1db6e184c1993e6a8d40671c4c535eab21d6e44c24086a5d4c8043faf37
.cache/R/library/Rcpp/tinytest/cpp/Reference.cpp,unchanged,dc7dafe07a28477e1214115b343f37c00697b764f0de47c54b1689f0983b7aa1,dc7dafe07a28477e1214115b343f37c00697b764f0de47c54b1689f0983b7aa1
.cache/R/library/Rcpp/tinytest/cpp/rmath.cpp,unchanged,ad87e965c3d2b17a560d283597846020a7e6a857c13eac13c940a622b5972d9d,ad87e965c3d2b17a560d283597846020a7e6a857c13eac13c940a622b5972d9d
.cache/R/library/Rcpp/tinytest/cpp/RObject.cpp,unchanged,96f0bed2a9ce539e7b2f4682ec998c9ffce5ab4d6ef6f455d75d510c9341893f,96f0bed2a9ce539e7b2f4682ec998c9ffce5ab4d6ef6f455d75d510c9341893f
.cache/R/library/Rcpp/tinytest/cpp/S4.cpp,unchanged,b74cb8c67d9c3405d8df8dd5c817b876692f59f0e1868bdc417fec786f7d8d32,b74cb8c67d9c3405d8df8dd5c817b876692f59f0e1868bdc417fec786f7d8d32
.cache/R/library/Rcpp/tinytest/cpp/stack.cpp,unchanged,5a8419af509caadfd8af7b999a65dd218ef2fec807107cdaf09d48b2ddb5bb74,5a8419af509caadfd8af7b999a65dd218ef2fec807107cdaf09d48b2ddb5bb74
.cache/R/library/Rcpp/tinytest/cpp/stats.cpp,unchanged,b74624a854dc485e38f0214add5cad2f953ac0bb71639bc1e731e22c563d0148,b74624a854dc485e38f0214add5cad2f953ac0bb71639bc1e731e22c563d0148
.cache/R/library/Rcpp/tinytest/cpp/String.cpp,unchanged,0f19a6be7aa2881e12ffaaad42dbd7e747fd1042f896e241bddb33a3300a960b,0f19a6be7aa2881e12ffaaad42dbd7e747fd1042f896e241bddb33a3300a960b
.cache/R/library/Rcpp/tinytest/cpp/Subset.cpp,unchanged,2780361fa950a9463b32321975e5c6fa694bf1121aac96791f794c4d9427ac29,2780361fa950a9463b32321975e5c6fa694bf1121aac96791f794c4d9427ac29
.cache/R/library/Rcpp/tinytest/cpp/sugar.cpp,unchanged,b9ed6bbe7ea750b46b0cc0b723358b072bdc8efb6aa122d5f6e7ad5b7b8eef5e,b9ed6bbe7ea750b46b0cc0b723358b072bdc8efb6aa122d5f6e7ad5b7b8eef5e
.cache/R/library/Rcpp/tinytest/cpp/sugar_safe_math.cpp,unchanged,6d1d0254031d99baa535ab032988a6a9c11bf871992a95dded5ef6c8758c562b,6d1d0254031d99baa535ab032988a6a9c11bf871992a95dded5ef6c8758c562b
.cache/R/library/Rcpp/tinytest/cpp/sugar_safe_math_fallback.cpp,unchanged,7c07e12021355ca8cd7bc096f95e9db746d5a9f85236cdaf5fde488a4f86b921,7c07e12021355ca8cd7bc096f95e9db746d5a9f85236cdaf5fde488a4f86b921
.cache/R/library/Rcpp/tinytest/cpp/support.cpp,unchanged,bf6f760e21cd95cc69c06062fbcc9b8ab472b509b682027da123d7ce8fec3cac,bf6f760e21cd95cc69c06062fbcc9b8ab472b509b682027da123d7ce8fec3cac
.cache/R/library/Rcpp/tinytest/cpp/table.cpp,unchanged,fa75f2518cf7ea1ffd2885b65f089cca08f900958141acea4a3d62922080f924,fa75f2518cf7ea1ffd2885b65f089cca08f900958141acea4a3d62922080f924
.cache/R/library/Rcpp/tinytest/cpp/Vector.cpp,unchanged,509336476f9acf1c54bb2a7570cc28aa1f96ac8ebf9cdf7839bf735b33eac11f,509336476f9acf1c54bb2a7570cc28aa1f96ac8ebf9cdf7839bf735b33eac11f
.cache/R/library/Rcpp/tinytest/cpp/VectorOld.cpp,unchanged,4ea5747fffdc1f261168388ee4d7480ade8be5debc888617483c2309d2dd0c0a,4ea5747fffdc1f261168388ee4d7480ade8be5debc888617483c2309d2dd0c0a
.cache/R/library/Rcpp/tinytest/cpp/wrap.cpp,unchanged,665bf8661d7c6dc2d6259ca2fdde130986a6b17de89a72ce050ac64990d80c70,665bf8661d7c6dc2d6259ca2fdde130986a6b17de89a72ce050ac64990d80c70
.cache/R/library/Rcpp/tinytest/cpp/wstring.cpp,unchanged,28857cf3c049c2953aeaba512cd0eebe099b2b2999c51c0dfd18585bb3351a26,28857cf3c049c2953aeaba512cd0eebe099b2b2999c51c0dfd18585bb3351a26
.cache/R/library/Rcpp/tinytest/cpp/XPtr.cpp,unchanged,ac146254da7d5c60ee06e18c4406cd4821fa59b815d58289a454779a20480f73,ac146254da7d5c60ee06e18c4406cd4821fa59b815d58289a454779a20480f73
.cache/R/library/Rcpp/tinytest/src/r-cran-testrcpppackage_0.1.0-1.diff.gz,unchanged,540cc246865c5361587fa4b9cdfa604a7a2be630825bcc0b0d62cfbd7f648915,540cc246865c5361587fa4b9cdfa604a7a2be630825bcc0b0d62cfbd7f648915
.cache/R/library/Rcpp/tinytest/src/r-cran-testrcpppackage_0.1.0-1.dsc,unchanged,ca0c3050c577a61e392ceceebaffe6c6de076eb935fdea421e25341f03d9ec46,ca0c3050c577a61e392ceceebaffe6c6de076eb935fdea421e25341f03d9ec46
.cache/R/library/Rcpp/tinytest/src/r-cran-testrcpppackage_0.1.0-1_amd64.changes,unchanged,bf8847ccd843f8e5cb2aae4133b51c262999ccd65119065fe8559554e53e22ee,bf8847ccd843f8e5cb2aae4133b51c262999ccd65119065fe8559554e53e22ee
.cache/R/library/Rcpp/tinytest/src/r-cran-testrcpppackage_0.1.0-1_amd64.deb,unchanged,431339b8ed1e7a7f354e70a982f64535ec75dcabe5d8b4c25161cd81bd8d7f13,431339b8ed1e7a7f354e70a982f64535ec75dcabe5d8b4c25161cd81bd8d7f13
.cache/R/library/Rcpp/tinytest/src/r-cran-testrcpppackage_0.1.0-1_i386.changes,unchanged,0e9fc0ee1e939a7a57a8119fdb4b3b23d732fca461d45f467ce4aa9b36a4bc04,0e9fc0ee1e939a7a57a8119fdb4b3b23d732fca461d45f467ce4aa9b36a4bc04
.cache/R/library/Rcpp/tinytest/src/r-cran-testrcpppackage_0.1.0-1_i386.deb,unchanged,924e3c73da76efe92bdc7d247f887a9fcd2b74ebdb22c67766e9669620342b17,924e3c73da76efe92bdc7d247f887a9fcd2b74ebdb22c67766e9669620342b17
.cache/R/library/Rcpp/tinytest/test_algorithm.R,unchanged,435ff414ded8b6a960e63b8300958f04e92b4501a48d94df926e0de77f3e5106,435ff414ded8b6a960e63b8300958f04e92b4501a48d94df926e0de77f3e5106
.cache/R/library/Rcpp/tinytest/test_as.R,unchanged,a4c6e1b521cc30b893c51f45a06465e6f4fcaed6117dd28ce41b94adbe5d7038,a4c6e1b521cc30b893c51f45a06465e6f4fcaed6117dd28ce41b94adbe5d7038
.cache/R/library/Rcpp/tinytest/test_attribute_package.R,unchanged,5f9a0d4d7c62458d7326e5c1ce359419658baf3e319cbb13002b8591528af371,5f9a0d4d7c62458d7326e5c1ce359419658baf3e319cbb13002b8591528af371
.cache/R/library/Rcpp/tinytest/test_attributes.R,unchanged,635b2ecb51bfba421eafcd65d85292dd9958e11f424e455615bfed5da72c6a90,635b2ecb51bfba421eafcd65d85292dd9958e11f424e455615bfed5da72c6a90
.cache/R/library/Rcpp/tinytest/test_attributes_extended.R,unchanged,82edebffdb7218404d38c4282ed11608897a5b7d9c212c6f9362632b90f03199,82edebffdb7218404d38c4282ed11608897a5b7d9c212c6f9362632b90f03199
.cache/R/library/Rcpp/tinytest/test_binary_package.R,unchanged,8e9c5b9f67a5a602f836797218519c6ceca33595b216c2bbf8c3d401678d4950,8e9c5b9f67a5a602f836797218519c6ceca33595b216c2bbf8c3d401678d4950
.cache/R/library/Rcpp/tinytest/test_client_package.R,unchanged,a31e9746367a1d9d8044508399e4b94afb7dac2cc33427bf454a5522959ad21c,a31e9746367a1d9d8044508399e4b94afb7dac2cc33427bf454a5522959ad21c
.cache/R/library/Rcpp/tinytest/test_coerce.R,unchanged,120d51cb53e65ba760d28d2e6d0003b33aead7d7b3ce823cfd06a4fb2ead3cc3,120d51cb53e65ba760d28d2e6d0003b33aead7d7b3ce823cfd06a4fb2ead3cc3
.cache/R/library/Rcpp/tinytest/test_compile_attributes_errors.R,unchanged,20bafd1434c9791662b4f7dbac12c307b654de3af29f58aa54a74a6227a218f2,20bafd1434c9791662b4f7dbac12c307b654de3af29f58aa54a74a6227a218f2
.cache/R/library/Rcpp/tinytest/test_cppfunction_errors.R,unchanged,83123e0f218f3d3cfc4eae4b161a57355a94f584f2a9c0fa75bfe2aae0f38ac4,83123e0f218f3d3cfc4eae4b161a57355a94f584f2a9c0fa75bfe2aae0f38ac4
.cache/R/library/Rcpp/tinytest/test_dataframe.R,unchanged,8348fc322216f71593a153d3f7f7a4bd55dd861c65631dbee9cbdab0c6ff7c24,8348fc322216f71593a153d3f7f7a4bd55dd861c65631dbee9cbdab0c6ff7c24
.cache/R/library/Rcpp/tinytest/test_date.R,unchanged,dbcfc8c7555b4c52923f2edf171fe14414a120a284b0fe0118c9a438d97338df,dbcfc8c7555b4c52923f2edf171fe14414a120a284b0fe0118c9a438d97338df
.cache/R/library/Rcpp/tinytest/test_dispatch.R,unchanged,42cd9516934663b3daeaa56fc782a48f1f0dc6c75c0ac7d10735f2eed31e23a2,42cd9516934663b3daeaa56fc782a48f1f0dc6c75c0ac7d10735f2eed31e23a2
.cache/R/library/Rcpp/tinytest/test_embedded_r.R,unchanged,69b914235dfe7859473f0ac1ba228c615dc108a01ec2404146bbe4e4c0c3e84a,69b914235dfe7859473f0ac1ba228c615dc108a01ec2404146bbe4e4c0c3e84a
.cache/R/library/Rcpp/tinytest/test_environments.R,unchanged,54af2c3fb28d7d2ff290dc4d12712f471d4011ac541638f83531437cb4a6cf37,54af2c3fb28d7d2ff290dc4d12712f471d4011ac541638f83531437cb4a6cf37
.cache/R/library/Rcpp/tinytest/test_exceptions.R,unchanged,c9b81d59999b9fd3657c72958a3b5c9f59573a4d9fc9fae54fb192a12f74d1cb,c9b81d59999b9fd3657c72958a3b5c9f59573a4d9fc9fae54fb192a12f74d1cb
.cache/R/library/Rcpp/tinytest/test_exceptions_nocall.R,unchanged,ebf552b513f4e8d8e3224870fc7b20da30b18de0bf54282d07d51e3f6768bf3c,ebf552b513f4e8d8e3224870fc7b20da30b18de0bf54282d07d51e3f6768bf3c
.cache/R/library/Rcpp/tinytest/test_expose_class.R,unchanged,5cc6cbff7ac278ebeeada287383b140ba1e1ccfcc4652c5e27409165bb33c7dd,5cc6cbff7ac278ebeeada287383b140ba1e1ccfcc4652c5e27409165bb33c7dd
.cache/R/library/Rcpp/tinytest/test_function.R,unchanged,3e5c86956ebb6a710cadf9cec1fb329eccf62c0bd4959fb1051e72d02d28e13c,3e5c86956ebb6a710cadf9cec1fb329eccf62c0bd4959fb1051e72d02d28e13c
.cache/R/library/Rcpp/tinytest/test_global_rostream.R,unchanged,73a6b27317dc767fbbedbc0ef97f98aa7f660b0278675a3531d9b8d9a09ee1fd,73a6b27317dc767fbbedbc0ef97f98aa7f660b0278675a3531d9b8d9a09ee1fd
.cache/R/library/Rcpp/tinytest/test_interface.R,unchanged,955dacaecb3be39bf5580a0ad20dbd2d09856f6c928afb901588410bca04e155,955dacaecb3be39bf5580a0ad20dbd2d09856f6c928afb901588410bca04e155
.cache/R/library/Rcpp/tinytest/test_internal_function.R,unchanged,13e5b5c42fb048ad3b1ef2243763a2c1da654daae9ce1871e94e20b9b1c13ff7,13e5b5c42fb048ad3b1ef2243763a2c1da654daae9ce1871e94e20b9b1c13ff7
.cache/R/library/Rcpp/tinytest/test_internal_function_cpp11.R,unchanged,c23f7c5a8f03db54486e733f8694e786d1e8b16e0653bd4d4e8dc529affe5fed,c23f7c5a8f03db54486e733f8694e786d1e8b16e0653bd4d4e8dc529affe5fed
.cache/R/library/Rcpp/tinytest/test_language.R,unchanged,3c21fdc79248af5f683719b64efdba1d7b0906155f24ee2af156df337665f4d6,3c21fdc79248af5f683719b64efdba1d7b0906155f24ee2af156df337665f4d6
.cache/R/library/Rcpp/tinytest/test_listof.R,unchanged,83a4a454af90c8f136f7986e9a215766089726d695e08acfe07275d1d06b362b,83a4a454af90c8f136f7986e9a215766089726d695e08acfe07275d1d06b362b
.cache/R/library/Rcpp/tinytest/test_matrix.R,unchanged,5e3b4823c6ee1588be9091a4f7a622f6eb34c0f9cb2d30c261da076aa7039c69,5e3b4823c6ee1588be9091a4f7a622f6eb34c0f9cb2d30c261da076aa7039c69
.cache/R/library/Rcpp/tinytest/test_misc.R,unchanged,e5a762cfb9af755221d5f2b3c752cb2404fb53c2f1d35a7ba94c1398fdcb149e,e5a762cfb9af755221d5f2b3c752cb2404fb53c2f1d35a7ba94c1398fdcb149e
.cache/R/library/Rcpp/tinytest/test_modref.R,unchanged,2bb27e938c67165f967c21b433e807fad673789da9faa0f0fb13d0ed24f2bf0e,2bb27e938c67165f967c21b433e807fad673789da9faa0f0fb13d0ed24f2bf0e
.cache/R/library/Rcpp/tinytest/test_module.R,unchanged,2a3cd003e624fba0521a2961a49716ac0b973ed9698c4bd1fa46055274f09da4,2a3cd003e624fba0521a2961a49716ac0b973ed9698c4bd1fa46055274f09da4
.cache/R/library/Rcpp/tinytest/test_module_client_package.R,unchanged,ab7d42c9c012f9462b08e830aec5028f1a707ca05bef92f28f052055ba66b77b,ab7d42c9c012f9462b08e830aec5028f1a707ca05bef92f28f052055ba66b77b
.cache/R/library/Rcpp/tinytest/test_na.R,unchanged,1fed534ef0b9db9a8005692324a7ac2958883c1d09566ae6761149cb18645a35,1fed534ef0b9db9a8005692324a7ac2958883c1d09566ae6761149cb18645a35
.cache/R/library/Rcpp/tinytest/test_packageversion.R,unchanged,4e6ef38a27e724c904ec4fce3f9686af18161ede4e58721f6478ac6ef60f45cb,4e6ef38a27e724c904ec4fce3f9686af18161ede4e58721f6478ac6ef60f45cb
.cache/R/library/Rcpp/tinytest/test_quickanddirty.R,unchanged,03e73dc0a7edca4edcc8c3a9e9d1375cce972db2a444cbdc5f44305c76c2cab4,03e73dc0a7edca4edcc8c3a9e9d1375cce972db2a444cbdc5f44305c76c2cab4
.cache/R/library/Rcpp/tinytest/test_rcpp_package_skeleton.R,unchanged,5730c63d9bbe26a64b2239fa47380a06c52a1ed29ca4f622b3d67a9ec64c8ab3,5730c63d9bbe26a64b2239fa47380a06c52a1ed29ca4f622b3d67a9ec64c8ab3
.cache/R/library/Rcpp/tinytest/test_reference.R,unchanged,2482ce5d3a4bc439d338ae9a6f91605d7d5e77e6536fc1d60dec7c788d6f43de,2482ce5d3a4bc439d338ae9a6f91605d7d5e77e6536fc1d60dec7c788d6f43de
.cache/R/library/Rcpp/tinytest/test_rmath.R,unchanged,9feadf7b1460f2f673982c662519eade570107b2fb3df1c8cc2a60c959eb5b86,9feadf7b1460f2f673982c662519eade570107b2fb3df1c8cc2a60c959eb5b86
.cache/R/library/Rcpp/tinytest/test_robject.R,unchanged,f03956dd52134bb3525a339c19f2a9a629b9e14ff90443eb4fee21009d51abac,f03956dd52134bb3525a339c19f2a9a629b9e14ff90443eb4fee21009d51abac
.cache/R/library/Rcpp/tinytest/test_s4.R,unchanged,65516e85b7d23e47ee7abb63727e4841dc63aa0a759e618d6db3e7c440153999,65516e85b7d23e47ee7abb63727e4841dc63aa0a759e618d6db3e7c440153999
.cache/R/library/Rcpp/tinytest/test_sourcecpp_errors.R,unchanged,b6ba479b8f926d8e37a4d07571af65e7dd2b7272364203fadeb244ea36b665fd,b6ba479b8f926d8e37a4d07571af65e7dd2b7272364203fadeb244ea36b665fd
.cache/R/library/Rcpp/tinytest/test_stack.R,unchanged,6e56785542f3e362b8cdc10e52eb3ec01635c119a8820f7e45d10cfbd791ef14,6e56785542f3e362b8cdc10e52eb3ec01635c119a8820f7e45d10cfbd791ef14
.cache/R/library/Rcpp/tinytest/test_stats.R,unchanged,34999de36e57a289649d5f6efd1be8846a0dc8fdaafb678e98ca0240d2233fa7,34999de36e57a289649d5f6efd1be8846a0dc8fdaafb678e98ca0240d2233fa7
.cache/R/library/Rcpp/tinytest/test_string.R,unchanged,237e2cefa694282f6b61f35515f6fe80496cfdd510c6789f7214e7428b5ca2df,237e2cefa694282f6b61f35515f6fe80496cfdd510c6789f7214e7428b5ca2df
.cache/R/library/Rcpp/tinytest/test_subset.R,unchanged,2a3452810f40e45db2c99b60fdcf5b3fec6b3106fcc86e5f63dc848b5c22cdba,2a3452810f40e45db2c99b60fdcf5b3fec6b3106fcc86e5f63dc848b5c22cdba
.cache/R/library/Rcpp/tinytest/test_sugar.R,unchanged,3e66d13c494dc543f2f9053af3c5ac985f21d3ed263b80680f83a8d88da5e524,3e66d13c494dc543f2f9053af3c5ac985f21d3ed263b80680f83a8d88da5e524
.cache/R/library/Rcpp/tinytest/test_sugar_var.R,unchanged,250655e431b0eeb8e68eed3db38c293cb9869e8b0f54d5b1b4a06afb2325eb9f,250655e431b0eeb8e68eed3db38c293cb9869e8b0f54d5b1b4a06afb2325eb9f
.cache/R/library/Rcpp/tinytest/test_support.R,unchanged,eda62b535fb406bd84c9b802e5441cd4b2051b93c6139f155fe8054f062f4b70,eda62b535fb406bd84c9b802e5441cd4b2051b93c6139f155fe8054f062f4b70
.cache/R/library/Rcpp/tinytest/test_system.R,unchanged,3fa00f82489e63228384fd387688dde644c02688985efb230fde376b99d21b06,3fa00f82489e63228384fd387688dde644c02688985efb230fde376b99d21b06
.cache/R/library/Rcpp/tinytest/test_table.R,unchanged,59b119272963a8e61f05151e6ec85fcb5bc3208b6b68d553f7c9f60804818585,59b119272963a8e61f05151e6ec85fcb5bc3208b6b68d553f7c9f60804818585
.cache/R/library/Rcpp/tinytest/test_vector.R,unchanged,5b49086cd4bf827666378833a196316f54e8802447dd051c8f9d61c5a80723c7,5b49086cd4bf827666378833a196316f54e8802447dd051c8f9d61c5a80723c7
.cache/R/library/Rcpp/tinytest/test_vector_old.R,unchanged,207ece45af0eeaa9e59fbb82fb6d842c8559ccbe09006388db9140906937800d,207ece45af0eeaa9e59fbb82fb6d842c8559ccbe09006388db9140906937800d
.cache/R/library/Rcpp/tinytest/test_wrap.R,unchanged,263421dbf29269ac77aace59db0a7c6d4b32fc694146b3062fe469c977ef7688,263421dbf29269ac77aace59db0a7c6d4b32fc694146b3062fe469c977ef7688
.cache/R/library/Rcpp/tinytest/test_wstring.R,unchanged,824ed345ad420816f56d795f171abd51531b66f0cebf54d1b8f88a793cbb02b4,824ed345ad420816f56d795f171abd51531b66f0cebf54d1b8f88a793cbb02b4
.cache/R/library/Rcpp/tinytest/test_xptr.R,unchanged,a688ebf212955f048fc6438e9ec1c89ec931ab6d4f04e43d9996956ac2be4476,a688ebf212955f048fc6438e9ec1c89ec931ab6d4f04e43d9996956ac2be4476
.cache/R/library/Rcpp/tinytest/testRcppAttributePackage/DESCRIPTION,unchanged,abccc4b66057a5902dba21a6feaca190535db20f1a36beb94cb0876972e539c3,abccc4b66057a5902dba21a6feaca190535db20f1a36beb94cb0876972e539c3
.cache/R/library/Rcpp/tinytest/testRcppAttributePackage/NAMESPACE,unchanged,53daefcaddc4960c03e6eccbe4d57975069baa247337c6010f445ffe287b3c22,53daefcaddc4960c03e6eccbe4d57975069baa247337c6010f445ffe287b3c22
.cache/R/library/Rcpp/tinytest/testRcppAttributePackage/src/rcpp_test.cpp,unchanged,33cdb45d40a76bae4b524cc8a47648af979c45306d9f55b7051b95d09bd306dd,33cdb45d40a76bae4b524cc8a47648af979c45306d9f55b7051b95d09bd306dd
.cache/R/library/Rcpp/tinytest/testRcppClass/DESCRIPTION,unchanged,984c55f564a49f4ab86ea383cae1faa42203b651a9dce32dfe73507020427e7c,984c55f564a49f4ab86ea383cae1faa42203b651a9dce32dfe73507020427e7c
.cache/R/library/Rcpp/tinytest/testRcppClass/man/Rcpp_class_examples.Rd,unchanged,ed6d6f7488f270e5c0e604433521b980596b29e6f2d27e192e179125fa685eb7,ed6d6f7488f270e5c0e604433521b980596b29e6f2d27e192e179125fa685eb7
.cache/R/library/Rcpp/tinytest/testRcppClass/man/rcpp_hello_world.Rd,unchanged,254093c83a069cdc07ea9f00b9891d8adf61995a873ad4badf2dfcf7f435bb17,254093c83a069cdc07ea9f00b9891d8adf61995a873ad4badf2dfcf7f435bb17
.cache/R/library/Rcpp/tinytest/testRcppClass/man/testRcppClass-package.Rd,unchanged,1fa5da28d2c7fb34c04a80a7181b50fe35fae8f20750aad17febc39616fc9166,1fa5da28d2c7fb34c04a80a7181b50fe35fae8f20750aad17febc39616fc9166
.cache/R/library/Rcpp/tinytest/testRcppClass/NAMESPACE,unchanged,a80c3ef46a44ddc876529d27cda59ec0d9a50ff8af7530ba221ec6b473729d39,a80c3ef46a44ddc876529d27cda59ec0d9a50ff8af7530ba221ec6b473729d39
.cache/R/library/Rcpp/tinytest/testRcppClass/R/load.R,unchanged,a0d0335c54249ff1c1d863dff63244b63a9484fb9e0769cd1fa2faa4443fb4fa,a0d0335c54249ff1c1d863dff63244b63a9484fb9e0769cd1fa2faa4443fb4fa
.cache/R/library/Rcpp/tinytest/testRcppClass/R/rcpp_hello_world.R,unchanged,eae627f55f349784f0c4b398e6ba835d9585e3f158f255a616fed7aa3d66fd5b,eae627f55f349784f0c4b398e6ba835d9585e3f158f255a616fed7aa3d66fd5b
.cache/R/library/Rcpp/tinytest/testRcppClass/src/init.c,unchanged,5a5017524e0d6e63e02569dc8efcce0b14e63bb6bc06b3c454dc9a720668cf26,5a5017524e0d6e63e02569dc8efcce0b14e63bb6bc06b3c454dc9a720668cf26
.cache/R/library/Rcpp/tinytest/testRcppClass/src/Num.cpp,unchanged,ce8dd2bac608e1ea3b04b73d981871d162c5d9ae4099ede0f870a53229d5c02d,ce8dd2bac608e1ea3b04b73d981871d162c5d9ae4099ede0f870a53229d5c02d
.cache/R/library/Rcpp/tinytest/testRcppClass/src/rcpp_hello_world.cpp,unchanged,c2888430f9ca7131df693e72a16e594d093b8c5a4f3d945ba2fb34ffc8f9d07d,c2888430f9ca7131df693e72a16e594d093b8c5a4f3d945ba2fb34ffc8f9d07d
.cache/R/library/Rcpp/tinytest/testRcppClass/src/rcpp_hello_world.h,unchanged,e57998aa358c550f0afc26b18f1eb0344efeeb4736b5037d323ad4ab815c2018,e57998aa358c550f0afc26b18f1eb0344efeeb4736b5037d323ad4ab815c2018
.cache/R/library/Rcpp/tinytest/testRcppClass/src/rcpp_module.cpp,unchanged,3051b0df466dcce0dcd9498da6cdf03ecb21f42b35471f5d3f9130e59844dac5,3051b0df466dcce0dcd9498da6cdf03ecb21f42b35471f5d3f9130e59844dac5
.cache/R/library/Rcpp/tinytest/testRcppClass/src/stdVector.cpp,unchanged,6ee356b5a67425dd111d774341f7bd22bb7f6ea32f92086ad92766319171cf24,6ee356b5a67425dd111d774341f7bd22bb7f6ea32f92086ad92766319171cf24
.cache/R/library/Rcpp/tinytest/testRcppClass/tests/classes.R,unchanged,9cffef65371d60c9d3b5d623aa6fc30e09a8f6cef3fe4817de759a08c52120f2,9cffef65371d60c9d3b5d623aa6fc30e09a8f6cef3fe4817de759a08c52120f2
.cache/R/library/Rcpp/tinytest/testRcppInterfaceExporter/DESCRIPTION,unchanged,23cc4683ecdd3ef32d7b0eee5b2e2cccb674c703cee3bbc942ff08e4692a4f54,23cc4683ecdd3ef32d7b0eee5b2e2cccb674c703cee3bbc942ff08e4692a4f54
.cache/R/library/Rcpp/tinytest/testRcppInterfaceExporter/inst/include/testRcppInterfaceExporter.h,unchanged,924bd28006272f7105f917ea5d557e3fb1a9628def518ba8675c0e77965612c0,924bd28006272f7105f917ea5d557e3fb1a9628def518ba8675c0e77965612c0
.cache/R/library/Rcpp/tinytest/testRcppInterfaceExporter/inst/include/testRcppInterfaceExporter_RcppExports.h,unchanged,b84a507af857bc90d376d9c1281508809a35f9948917a5db2ca69bf3f4c5f9b1,b84a507af857bc90d376d9c1281508809a35f9948917a5db2ca69bf3f4c5f9b1
.cache/R/library/Rcpp/tinytest/testRcppInterfaceExporter/NAMESPACE,unchanged,56b4e2c5207e16d58cdcf58542987a51ae528142689d19ab373cc23020c1fb3e,56b4e2c5207e16d58cdcf58542987a51ae528142689d19ab373cc23020c1fb3e
.cache/R/library/Rcpp/tinytest/testRcppInterfaceExporter/R/exporter.R,unchanged,833e242f48e2caaca9c27b6e6c02f64b32bfe537f900062a3648300acbab1590,833e242f48e2caaca9c27b6e6c02f64b32bfe537f900062a3648300acbab1590
.cache/R/library/Rcpp/tinytest/testRcppInterfaceExporter/R/RcppExports.R,unchanged,173423d651657d3f31adca4f2c90e2a653f5e1e474f489143a50088877a7a8f4,173423d651657d3f31adca4f2c90e2a653f5e1e474f489143a50088877a7a8f4
.cache/R/library/Rcpp/tinytest/testRcppInterfaceExporter/src/exporter.cpp,unchanged,77bcefaf4d79f13341c48965a9c2151d42d64a1362c3d1023f9680a2123a8471,77bcefaf4d79f13341c48965a9c2151d42d64a1362c3d1023f9680a2123a8471
.cache/R/library/Rcpp/tinytest/testRcppInterfaceExporter/src/RcppExports.cpp,unchanged,9bde3153ad9f4d17f09eab34f7e3591a9eabebfb578d5c6a1e108734f1f85b9c,9bde3153ad9f4d17f09eab34f7e3591a9eabebfb578d5c6a1e108734f1f85b9c
.cache/R/library/Rcpp/tinytest/testRcppInterfaceExporter/src/unwound.h,unchanged,c199bf81c0f1fc888f3d65fcf1a26360766be55c72f96a8f858208efd31a5c76,c199bf81c0f1fc888f3d65fcf1a26360766be55c72f96a8f858208efd31a5c76
.cache/R/library/Rcpp/tinytest/testRcppInterfaceUser/DESCRIPTION,unchanged,48f486f6616a7637c79bfc5a0e8e1a4bcb05334e65c2fc98ac347046336b65ad,48f486f6616a7637c79bfc5a0e8e1a4bcb05334e65c2fc98ac347046336b65ad
.cache/R/library/Rcpp/tinytest/testRcppInterfaceUser/NAMESPACE,unchanged,dc0168d70606c6928057ddc93efe4a66c430cd452d4927f97a2ad5d8f068f499,dc0168d70606c6928057ddc93efe4a66c430cd452d4927f97a2ad5d8f068f499
.cache/R/library/Rcpp/tinytest/testRcppInterfaceUser/R/user.R,unchanged,b1b417911ef1376b78b39b04c912744cd5e1e06cd3eab460d03626d63a23fb21,b1b417911ef1376b78b39b04c912744cd5e1e06cd3eab460d03626d63a23fb21
.cache/R/library/Rcpp/tinytest/testRcppInterfaceUser/src/config.h,unchanged,e3b0c44298fc1c149afbf4c8996fb92427ae41e4649b934ca495991b7852b855,e3b0c44298fc1c149afbf4c8996fb92427ae41e4649b934ca495991b7852b855
.cache/R/library/Rcpp/tinytest/testRcppInterfaceUser/src/unwound.h,unchanged,21af74a4878031421a84db14b4112391bfb9af0a7d7a7cc2622c47f1dbf5dac9,21af74a4878031421a84db14b4112391bfb9af0a7d7a7cc2622c47f1dbf5dac9
.cache/R/library/Rcpp/tinytest/testRcppInterfaceUser/src/user.cpp,unchanged,a80f97ce213dafc44bcbf5cea2d46c20dc91bdee34e75a5b55f2ac298ef649a9,a80f97ce213dafc44bcbf5cea2d46c20dc91bdee34e75a5b55f2ac298ef649a9
.cache/R/library/Rcpp/tinytest/testRcppInterfaceUser/tests/tests.R,unchanged,6e9ac14919453896bb157851d9cdc21471562f04509c96609b4a81043170ff6b,6e9ac14919453896bb157851d9cdc21471562f04509c96609b4a81043170ff6b
.cache/R/library/Rcpp/tinytest/testRcppModule/DESCRIPTION,unchanged,76f31d966dac43c59d9733deaa7be2e348bb0afd4a4ef1cc2989ee88189d2a30,76f31d966dac43c59d9733deaa7be2e348bb0afd4a4ef1cc2989ee88189d2a30
.cache/R/library/Rcpp/tinytest/testRcppModule/man/rcpp_hello_world.Rd,unchanged,18a1f9afbb82f2995e6cd615c2397fd2f4dd9ae612b3e21c34285f456d7538af,18a1f9afbb82f2995e6cd615c2397fd2f4dd9ae612b3e21c34285f456d7538af
.cache/R/library/Rcpp/tinytest/testRcppModule/man/Rcpp_modules_examples.Rd,unchanged,80f715c454f6df5fff4968ca12f4c2c958bd841e3885e3ef16d89f517b3f5c9c,80f715c454f6df5fff4968ca12f4c2c958bd841e3885e3ef16d89f517b3f5c9c
.cache/R/library/Rcpp/tinytest/testRcppModule/man/testRcppModule-package.Rd,unchanged,f1f7bde31575570f3cac1c97ae8af989c050b8509e3ab05918594c41081b1172,f1f7bde31575570f3cac1c97ae8af989c050b8509e3ab05918594c41081b1172
.cache/R/library/Rcpp/tinytest/testRcppModule/NAMESPACE,unchanged,c5d6188e0f7f0615320d95caa3e37467e95053765617d15c4bd7e7ce871199df,c5d6188e0f7f0615320d95caa3e37467e95053765617d15c4bd7e7ce871199df
.cache/R/library/Rcpp/tinytest/testRcppModule/R/rcpp_hello_world.R,unchanged,dc0bbd94bb1022f345682697614ce0fc8edbd5d4b1477b254227473063db17a3,dc0bbd94bb1022f345682697614ce0fc8edbd5d4b1477b254227473063db17a3
.cache/R/library/Rcpp/tinytest/testRcppModule/R/zzz.R,unchanged,ffc030ab0c8fbc7377c375b65694feeeebd319c303c9e512bd0dc27e81049951,ffc030ab0c8fbc7377c375b65694feeeebd319c303c9e512bd0dc27e81049951
.cache/R/library/Rcpp/tinytest/testRcppModule/src/init.c,unchanged,8cf34eceac96736e070bd44d5213bf0d18663f2556da9807ec56163888eb3acf,8cf34eceac96736e070bd44d5213bf0d18663f2556da9807ec56163888eb3acf
.cache/R/library/Rcpp/tinytest/testRcppModule/src/Num.cpp,unchanged,b0df89d816d28a8bacbb398f84e77099bd7527d11960a37f431b1c60e717321e,b0df89d816d28a8bacbb398f84e77099bd7527d11960a37f431b1c60e717321e
.cache/R/library/Rcpp/tinytest/testRcppModule/src/rcpp_hello_world.cpp,unchanged,c2888430f9ca7131df693e72a16e594d093b8c5a4f3d945ba2fb34ffc8f9d07d,c2888430f9ca7131df693e72a16e594d093b8c5a4f3d945ba2fb34ffc8f9d07d
.cache/R/library/Rcpp/tinytest/testRcppModule/src/rcpp_hello_world.h,unchanged,e57998aa358c550f0afc26b18f1eb0344efeeb4736b5037d323ad4ab815c2018,e57998aa358c550f0afc26b18f1eb0344efeeb4736b5037d323ad4ab815c2018
.cache/R/library/Rcpp/tinytest/testRcppModule/src/rcpp_module.cpp,unchanged,b391401ca18b320717017f3b7a0e028e425b49357addf491e080d8afc14888c5,b391401ca18b320717017f3b7a0e028e425b49357addf491e080d8afc14888c5
.cache/R/library/Rcpp/tinytest/testRcppModule/src/stdVector.cpp,unchanged,e2382dc92f2c1e8aa95b557025ba700ad2b7986cd44d32c2b9a2723a5d23bd9a,e2382dc92f2c1e8aa95b557025ba700ad2b7986cd44d32c2b9a2723a5d23bd9a
.cache/R/library/Rcpp/tinytest/testRcppModule/tests/modules.R,unchanged,9fd8843bfd6ad94415844040998cbfcc17893e08bae45b5614ac8b4b9f578266,9fd8843bfd6ad94415844040998cbfcc17893e08bae45b5614ac8b4b9f578266
.cache/R/library/Rcpp/tinytest/testRcppPackage/DESCRIPTION,unchanged,32e5ca2ebccee92ac454251c4261cd10893f7f5ac21a5730f337055a40e17cb3,32e5ca2ebccee92ac454251c4261cd10893f7f5ac21a5730f337055a40e17cb3
.cache/R/library/Rcpp/tinytest/testRcppPackage/man/testRcppPackage-package.Rd,unchanged,63bb4a68ca7b64e9a0f7ca71974131c92833f7708c33dde4368d61db6594883f,63bb4a68ca7b64e9a0f7ca71974131c92833f7708c33dde4368d61db6594883f
.cache/R/library/Rcpp/tinytest/testRcppPackage/NAMESPACE,unchanged,b8b38bd2b8e5d7f8f8834118bd7273f790ea71e304ecf8aeeb1f0a6627ce0d32,b8b38bd2b8e5d7f8f8834118bd7273f790ea71e304ecf8aeeb1f0a6627ce0d32
.cache/R/library/Rcpp/tinytest/testRcppPackage/R/rcpp_hello_world.R,unchanged,b0f636fa316711add018aa8548df06835d91dbe2010e4e5ea62446e941bdadb0,b0f636fa316711add018aa8548df06835d91dbe2010e4e5ea62446e941bdadb0
.cache/R/library/Rcpp/tinytest/testRcppPackage/src/rcpp_hello_world.cpp,unchanged,fdadacc5da45474ca056d63f7186853d6848f694d40691b25583fe2604962110,fdadacc5da45474ca056d63f7186853d6848f694d40691b25583fe2604962110
.cache/R/library/Rcpp/tinytest/testRcppPackage/src/rcpp_hello_world.h,unchanged,c3ae8e4c5d897e73df1dc04fbcd377152b73902fb2b7af89d321008a6759efac,c3ae8e4c5d897e73df1dc04fbcd377152b73902fb2b7af89d321008a6759efac
.cache/R/library/rlang/backtrace-ver,unchanged,44e161e4495cac2cf7858043e9e6418e9579f0ddcfae826f9a372622968ce066,44e161e4495cac2cf7858043e9e6418e9579f0ddcfae826f9a372622968ce066
.cache/R/library/rlang/DESCRIPTION,unchanged,a7d5ae46d18956ae366c2bd943438b2beeab766180823fa942dbcf3b29169d12,a7d5ae46d18956ae366c2bd943438b2beeab766180823fa942dbcf3b29169d12
.cache/R/library/rlang/INDEX,unchanged,3d8d41f966c5da17fa143d8bb12b9aa82fd9e66ea8765e39fe3f88b1944263ba,3d8d41f966c5da17fa143d8bb12b9aa82fd9e66ea8765e39fe3f88b1944263ba
.cache/R/library/rlang/libs/x64/rlang.dll,unchanged,b701d9c012b994e2086e09d52dbe76789d26ac6ef8dc67c7ea5a63e980c28ba9,b701d9c012b994e2086e09d52dbe76789d26ac6ef8dc67c7ea5a63e980c28ba9
.cache/R/library/rlang/libs/x64/symbols.rds,unchanged,1518486ca3646e9efd1a6c76308630aa0d6d7e5ce5584431f189ce1ab789b191,1518486ca3646e9efd1a6c76308630aa0d6d7e5ce5584431f189ce1ab789b191
.cache/R/library/rlang/LICENSE,unchanged,007646ca628dcb18cf6568a0edb41c28157b9d1a715a4ea3d5865a98e8113626,007646ca628dcb18cf6568a0edb41c28157b9d1a715a4ea3d5865a98e8113626
.cache/R/library/rlang/MD5,unchanged,ccf0b773631766a090f7d69d9336dcc03b8bd1a4f59a96a45f27ee18d49d8d15,ccf0b773631766a090f7d69d9336dcc03b8bd1a4f59a96a45f27ee18d49d8d15
.cache/R/library/rlang/Meta/features.rds,unchanged,efeebf7eda733834b9094906a02c7b94f3350038f22ba031ec9e1f29da466faa,efeebf7eda733834b9094906a02c7b94f3350038f22ba031ec9e1f29da466faa
.cache/R/library/rlang/Meta/hsearch.rds,unchanged,bf96a8c481e9b11250593893f2cfb89acfe89c12cb02f1aaed4ce8b5e46b84ae,bf96a8c481e9b11250593893f2cfb89acfe89c12cb02f1aaed4ce8b5e46b84ae
.cache/R/library/rlang/Meta/links.rds,unchanged,8a4062d91479e499a377f98ece8d035369395fb73d7b183459e5abb48d0d260c,8a4062d91479e499a377f98ece8d035369395fb73d7b183459e5abb48d0d260c
.cache/R/library/rlang/Meta/nsInfo.rds,unchanged,8cdcbe2d60aa7d902fb32cf02607b9bfc07b320ce6c3186c9b909229fed49208,8cdcbe2d60aa7d902fb32cf02607b9bfc07b320ce6c3186c9b909229fed49208
.cache/R/library/rlang/Meta/package.rds,unchanged,2103260ee5c1d0c84fbdfa304d9ed8e2f479674481c7dc0cabb5bc852acd6b31,2103260ee5c1d0c84fbdfa304d9ed8e2f479674481c7dc0cabb5bc852acd6b31
.cache/R/library/rlang/Meta/Rd.rds,unchanged,0cd3b4c50605b307389d9bc85ece9731c410aafdded288db6630e32c1ad388ce,0cd3b4c50605b307389d9bc85ece9731c410aafdded288db6630e32c1ad388ce
.cache/R/library/rlang/NAMESPACE,unchanged,2afbe707c2c1694732f28a2d4e913ac84f03c73351da8b1c58486c3e8fe11cc2,2afbe707c2c1694732f28a2d4e913ac84f03c73351da8b1c58486c3e8fe11cc2
.cache/R/library/rlang/NEWS.md,unchanged,ccb19a3b2eff03b185520b82f291c25ca161c8ad060f3420249148205ecb1c83,ccb19a3b2eff03b185520b82f291c25ca161c8ad060f3420249148205ecb1c83
.cache/R/library/rlang/R/rlang,unchanged,570ca456b280cdeb201ef5ebdf22dc8f80092e2c0c68e33c7f73340e420f3759,570ca456b280cdeb201ef5ebdf22dc8f80092e2c0c68e33c7f73340e420f3759
.cache/R/library/rlang/R/rlang.rdb,unchanged,8cf6d3013c6126d56f46f5a4d96dedbbb7db034d4271411e517ecbfcc8036afd,8cf6d3013c6126d56f46f5a4d96dedbbb7db034d4271411e517ecbfcc8036afd
.cache/R/library/rlang/R/rlang.rdx,unchanged,62b038250b5fd44caf6f8d76fd516224a7d02c0e91a5182a7ada28251f648bef,62b038250b5fd44caf6f8d76fd516224a7d02c0e91a5182a7ada28251f648bef
.cache/R/library/rlang/README.md,unchanged,1882060eb007929e64d87aaf4e48f7501d40bc7f75d5673a46c1f05560704134,1882060eb007929e64d87aaf4e48f7501d40bc7f75d5673a46c1f05560704134
.cache/R/library/sandwich/CITATION,unchanged,be936cafe8e5e617f5695b72281c7bef03d24d162a684176c717c5bb102c2f9a,be936cafe8e5e617f5695b72281c7bef03d24d162a684176c717c5bb102c2f9a
.cache/R/library/sandwich/data/InstInnovation.rda,unchanged,1dd34751be33f4d7688c7072048eb0c46f5946115a0627bc358a348d8db15da6,1dd34751be33f4d7688c7072048eb0c46f5946115a0627bc358a348d8db15da6
.cache/R/library/sandwich/data/Investment.rda,unchanged,3baae1aaaa7bac4cac08ca1d55f103f5e22e7d3c9509bd1d76dd55106780bfe0,3baae1aaaa7bac4cac08ca1d55f103f5e22e7d3c9509bd1d76dd55106780bfe0
.cache/R/library/sandwich/data/PetersenCL.rda,unchanged,31a766cab43effcce21782be9c4a170e1798e76e41caebcd6d646a11958d4719,31a766cab43effcce21782be9c4a170e1798e76e41caebcd6d646a11958d4719
.cache/R/library/sandwich/data/PublicSchools.rda,unchanged,2ae40eda52847a1b365dba1824fb2237cd281add455b6f90ebf49cfca1577a91,2ae40eda52847a1b365dba1824fb2237cd281add455b6f90ebf49cfca1577a91
.cache/R/library/sandwich/DESCRIPTION,unchanged,37c9719e4cdb3512f1a6c1d4353d00125f64f8a70f1931fda41ef9d13dbbe650,37c9719e4cdb3512f1a6c1d4353d00125f64f8a70f1931fda41ef9d13dbbe650
.cache/R/library/sandwich/INDEX,unchanged,27692a861c1c243cc1622f2a9d083f0aea447d5841a815e71b2228501e8525de,27692a861c1c243cc1622f2a9d083f0aea447d5841a815e71b2228501e8525de
.cache/R/library/sandwich/MD5,unchanged,5a923a4872e3fd77dacdc8c0a2b8761b9363d3b192d2ef03b14e016e7e63aa8a,5a923a4872e3fd77dacdc8c0a2b8761b9363d3b192d2ef03b14e016e7e63aa8a
.cache/R/library/sandwich/Meta/data.rds,unchanged,aff470bcd55ed98d0caa6e69eee37bb25fb9ca29593b99e0ea4a1af388329cda,aff470bcd55ed98d0caa6e69eee37bb25fb9ca29593b99e0ea4a1af388329cda
.cache/R/library/sandwich/Meta/features.rds,unchanged,efeebf7eda733834b9094906a02c7b94f3350038f22ba031ec9e1f29da466faa,efeebf7eda733834b9094906a02c7b94f3350038f22ba031ec9e1f29da466faa
.cache/R/library/sandwich/Meta/hsearch.rds,unchanged,7a4351f87b0a39268c0ae27ef7423a52fccce522164cd7a69316368d8acd2900,7a4351f87b0a39268c0ae27ef7423a52fccce522164cd7a69316368d8acd2900
.cache/R/library/sandwich/Meta/links.rds,unchanged,f20d56e1007b0baa95b77d17cc5942b9f13e4d87bb87dd219f25bc0860edca2f,f20d56e1007b0baa95b77d17cc5942b9f13e4d87bb87dd219f25bc0860edca2f
.cache/R/library/sandwich/Meta/nsInfo.rds,unchanged,8b3e82c0f7bd27da6f2437f401fb8401117a7fd226d982624a7ab6904ea2c65e,8b3e82c0f7bd27da6f2437f401fb8401117a7fd226d982624a7ab6904ea2c65e
.cache/R/library/sandwich/Meta/package.rds,unchanged,5a873eb402d0fbaebed49bb0e1d33fc6af758041e78e95277af448ea1d5c05c8,5a873eb402d0fbaebed49bb0e1d33fc6af758041e78e95277af448ea1d5c05c8
.cache/R/library/sandwich/Meta/Rd.rds,unchanged,c1a0e6c86a8d632d744a28db15a2d92d60be56f74ce40d73c9a7984a4c319d78,c1a0e6c86a8d632d744a28db15a2d92d60be56f74ce40d73c9a7984a4c319d78
.cache/R/library/sandwich/Meta/vignette.rds,unchanged,34a23a389484910a18735bd4abc49877186f75229ec60d2ef0ad76d54a759d03,34a23a389484910a18735bd4abc49877186f75229ec60d2ef0ad76d54a759d03
.cache/R/library/sandwich/NAMESPACE,unchanged,b669d0ee5bbbdcdd7f11eb98f9bbd01176760af6759532aaca187ad4a95da902,b669d0ee5bbbdcdd7f11eb98f9bbd01176760af6759532aaca187ad4a95da902
.cache/R/library/sandwich/NEWS.md,unchanged,647e63a9008e427c51527ceb6da081c90b816e7ed45d93a0902b22d248b945a2,647e63a9008e427c51527ceb6da081c90b816e7ed45d93a0902b22d248b945a2
.cache/R/library/sandwich/R/sandwich,unchanged,570ca456b280cdeb201ef5ebdf22dc8f80092e2c0c68e33c7f73340e420f3759,570ca456b280cdeb201ef5ebdf22dc8f80092e2c0c68e33c7f73340e420f3759
.cache/R/library/sandwich/R/sandwich.rdb,unchanged,21740e785fd8ea1dd5c005e1246ee2c49007bd7eb0ce031a50a10f1cbdfcd1de,21740e785fd8ea1dd5c005e1246ee2c49007bd7eb0ce031a50a10f1cbdfcd1de
.cache/R/library/sandwich/R/sandwich.rdx,unchanged,c7460fd7b158fbc2d13be7f70bf7eff91707ba317e735a9aee37e6da869be082,c7460fd7b158fbc2d13be7f70bf7eff91707ba317e735a9aee37e6da869be082
.cache/R/library/sandwich/README.md,unchanged,b9aa29253a72a2195cc171aa7c0c64815aadaf38a27ab5ef21ba86aa09ab463a,b9aa29253a72a2195cc171aa7c0c64815aadaf38a27ab5ef21ba86aa09ab463a
.cache/R/library/sp/CITATION,unchanged,47ada0742ec769f120fcaee06351b629340e2565cc3481eced851e1b1b5723d4,47ada0742ec769f120fcaee06351b629340e2565cc3481eced851e1b1b5723d4
.cache/R/library/sp/data/GridsDatums.rda,unchanged,452e4b5b19499f3f7184e72a06307c852277c03573473cb4d8c5270c73c5bb75,452e4b5b19499f3f7184e72a06307c852277c03573473cb4d8c5270c73c5bb75
.cache/R/library/sp/data/meuse.area.rda,unchanged,fd384927248b7593545fe8040106758066a3fd232354e01624df42b75a3f6e0b,fd384927248b7593545fe8040106758066a3fd232354e01624df42b75a3f6e0b
.cache/R/library/sp/data/meuse.grid.rda,unchanged,d5fc26dde8124570e8c1336cd593f124bea8a9f900a8f6a4027168062ec2ff11,d5fc26dde8124570e8c1336cd593f124bea8a9f900a8f6a4027168062ec2ff11
.cache/R/library/sp/data/meuse.grid_ll.rda,unchanged,b829f38e29f34be0616751fd6a6e0b13f683c0377d43880869c1b64aa36c2dc3,b829f38e29f34be0616751fd6a6e0b13f683c0377d43880869c1b64aa36c2dc3
.cache/R/library/sp/data/meuse.rda,unchanged,851505e553ccc0bb0f3c750fdc7ab8594bc2f45e095f98e66d51e74b9ceda80e,851505e553ccc0bb0f3c750fdc7ab8594bc2f45e095f98e66d51e74b9ceda80e
.cache/R/library/sp/data/meuse.riv.rda,unchanged,7ff60d416616b7e925582aa65d73aa512a2e821f7de9d6af90f5d8e7585be548,7ff60d416616b7e925582aa65d73aa512a2e821f7de9d6af90f5d8e7585be548
.cache/R/library/sp/data/Rlogo.rda,unchanged,b1232b05773d141c00896db903ad3e6fb5db9b0c1f438ea30743172b19b9507a,b1232b05773d141c00896db903ad3e6fb5db9b0c1f438ea30743172b19b9507a
.cache/R/library/sp/DESCRIPTION,unchanged,c34f0eacc18ad1417dde76dc66d8c6d690b5a2c6c83414450a50007344cb9724,c34f0eacc18ad1417dde76dc66d8c6d690b5a2c6c83414450a50007344cb9724
.cache/R/library/sp/external/seamap105_mod.csv,unchanged,e709463afa30523bdd147906e797786640ca42053b9bb68be76e5695c84517b5,e709463afa30523bdd147906e797786640ca42053b9bb68be76e5695c84517b5
.cache/R/library/sp/external/simple.ag,unchanged,0cb31f736df11ac333c8a3be398621d356169f7edfafd661bc7f47500ba598f8,0cb31f736df11ac333c8a3be398621d356169f7edfafd661bc7f47500ba598f8
.cache/R/library/sp/external/test.ag,unchanged,84401dfe3e7edb8fe95449b74321cad49986b0918d8c04984ece4a1900d1084a,84401dfe3e7edb8fe95449b74321cad49986b0918d8c04984ece4a1900d1084a
.cache/R/library/sp/INDEX,unchanged,92569c14fa44abe53ed9a524cfc2b5bdfc31e88d780b90504fbf34f0df8bc919,92569c14fa44abe53ed9a524cfc2b5bdfc31e88d780b90504fbf34f0df8bc919
.cache/R/library/sp/libs/x64/sp.dll,unchanged,7f01434e0b78cbc2d302be66ffc0569dd86faf3edf18b73f5e7a2128b72f100a,7f01434e0b78cbc2d302be66ffc0569dd86faf3edf18b73f5e7a2128b72f100a
.cache/R/library/sp/libs/x64/symbols.rds,unchanged,5b3921d59bf903d875e720469faae0ef0b067bc71e415a45cf18f11448641642,5b3921d59bf903d875e720469faae0ef0b067bc71e415a45cf18f11448641642
.cache/R/library/sp/MD5,unchanged,ed0399cf7ef82f3c5ed73285245d76960f098b4c104b93b5efea35f1b4020b90,ed0399cf7ef82f3c5ed73285245d76960f098b4c104b93b5efea35f1b4020b90
.cache/R/library/sp/Meta/data.rds,unchanged,b0ab093e0505f685c41fd3ded7cd3f0e7e291b4acd16ac5a9c56e7ad4889661c,b0ab093e0505f685c41fd3ded7cd3f0e7e291b4acd16ac5a9c56e7ad4889661c
.cache/R/library/sp/Meta/demo.rds,unchanged,bef2800541d0aaf7446c612524544c84bc4fe9dbc08407b6d1de1667241b9ab0,bef2800541d0aaf7446c612524544c84bc4fe9dbc08407b6d1de1667241b9ab0
.cache/R/library/sp/Meta/features.rds,unchanged,efeebf7eda733834b9094906a02c7b94f3350038f22ba031ec9e1f29da466faa,efeebf7eda733834b9094906a02c7b94f3350038f22ba031ec9e1f29da466faa
.cache/R/library/sp/Meta/hsearch.rds,unchanged,beeb971d1e2fb6b66808907cbbc4e1c0d8e4bb5a33181b603021de8296ce15ea,beeb971d1e2fb6b66808907cbbc4e1c0d8e4bb5a33181b603021de8296ce15ea
.cache/R/library/sp/Meta/links.rds,unchanged,0d7240083ec71db090d80151b9fd80c2384514bb328a1eb36d9e3d5af03cfb28,0d7240083ec71db090d80151b9fd80c2384514bb328a1eb36d9e3d5af03cfb28
.cache/R/library/sp/Meta/nsInfo.rds,unchanged,f56f2a25f6433f2c57d126a7b9ef0040e8b64abb5cb29686901d546a60ff81d0,f56f2a25f6433f2c57d126a7b9ef0040e8b64abb5cb29686901d546a60ff81d0
.cache/R/library/sp/Meta/package.rds,unchanged,0e44d73d1ab0e35c75c848ad592956298d3cd765b3c981f18efc21c3a52292b3,0e44d73d1ab0e35c75c848ad592956298d3cd765b3c981f18efc21c3a52292b3
.cache/R/library/sp/Meta/Rd.rds,unchanged,55d7ea90bbf1cdd43dc3ed2e1cc3446f5d194996fd4a40113e69279c99725053,55d7ea90bbf1cdd43dc3ed2e1cc3446f5d194996fd4a40113e69279c99725053
.cache/R/library/sp/Meta/vignette.rds,unchanged,33759a0cfb90f710c6a6c36fa959fcb6290e66fbf9cacce8b435d325d0045fb3,33759a0cfb90f710c6a6c36fa959fcb6290e66fbf9cacce8b435d325d0045fb3
.cache/R/library/sp/NAMESPACE,unchanged,8e3874e9a83ee7cbf51113165df82505a251215816af6cc11667d998603c4d66,8e3874e9a83ee7cbf51113165df82505a251215816af6cc11667d998603c4d66
.cache/R/library/sp/NEWS.Rd,unchanged,ff4c29833b4cdef15cf2aef97aa940a422d14b0b298ac409fbd01f63320819d1,ff4c29833b4cdef15cf2aef97aa940a422d14b0b298ac409fbd01f63320819d1
.cache/R/library/sp/R/sp,unchanged,570ca456b280cdeb201ef5ebdf22dc8f80092e2c0c68e33c7f73340e420f3759,570ca456b280cdeb201ef5ebdf22dc8f80092e2c0c68e33c7f73340e420f3759
.cache/R/library/sp/R/sp.rdb,unchanged,cf6bc075c43c40f24b48c1f7aebe634cb2030c86af6f5389ecceec8f223ffaf3,cf6bc075c43c40f24b48c1f7aebe634cb2030c86af6f5389ecceec8f223ffaf3
.cache/R/library/sp/R/sp.rdx,unchanged,1e6f7489657c055a9becebc771d2a4affcd23dab32aef055e98ac234f14e5bd4,1e6f7489657c055a9becebc771d2a4affcd23dab32aef055e98ac234f14e5bd4
.cache/R/library/tibble/DESCRIPTION,unchanged,bfe365cc200eb3fa6c38fca7c6c0ec44db0fe85aaaba59f63b0ab73efd0424b2,bfe365cc200eb3fa6c38fca7c6c0ec44db0fe85aaaba59f63b0ab73efd0424b2
.cache/R/library/tibble/INDEX,unchanged,2543343e2c418ffb3d9aadf7970c4832fd0592b45c2ae06e50491517763e8fd4,2543343e2c418ffb3d9aadf7970c4832fd0592b45c2ae06e50491517763e8fd4
.cache/R/library/tibble/libs/x64/symbols.rds,unchanged,07180f17be38b798cfb4c1b710b48111d76bbf25e08a4205f1fdb9e910b771c4,07180f17be38b798cfb4c1b710b48111d76bbf25e08a4205f1fdb9e910b771c4
.cache/R/library/tibble/libs/x64/tibble.dll,unchanged,80617d807ac976776d91f31efd84d127b0d087a8f12a0bad8af8b4d1600709f2,80617d807ac976776d91f31efd84d127b0d087a8f12a0bad8af8b4d1600709f2
.cache/R/library/tibble/LICENSE,unchanged,30024b268600650b7f18647c65d34b86c81f36d08e850ca2840d53dabdeede56,30024b268600650b7f18647c65d34b86c81f36d08e850ca2840d53dabdeede56
.cache/R/library/tibble/MD5,unchanged,926c64a8b0c9530f72680e5a1adfd78e359664ebfe434a7ef4e7945b2a5946a1,926c64a8b0c9530f72680e5a1adfd78e359664ebfe434a7ef4e7945b2a5946a1
.cache/R/library/tibble/Meta/features.rds,unchanged,efeebf7eda733834b9094906a02c7b94f3350038f22ba031ec9e1f29da466faa,efeebf7eda733834b9094906a02c7b94f3350038f22ba031ec9e1f29da466faa
.cache/R/library/tibble/Meta/hsearch.rds,unchanged,ad0e040870190ffb3172582b5feee401c45bec6f0a4179e0affb3aef43e23159,ad0e040870190ffb3172582b5feee401c45bec6f0a4179e0affb3aef43e23159
.cache/R/library/tibble/Meta/links.rds,unchanged,1acc98c48ac30ca52e3d430403b7d8fa9a56050415fda9366dfe2478516a16ec,1acc98c48ac30ca52e3d430403b7d8fa9a56050415fda9366dfe2478516a16ec
.cache/R/library/tibble/Meta/nsInfo.rds,unchanged,2655a30b851c162af3ee4a753e3622f99f59fb51f7548a596d57b040d192e4ec,2655a30b851c162af3ee4a753e3622f99f59fb51f7548a596d57b040d192e4ec
.cache/R/library/tibble/Meta/package.rds,unchanged,b4e49b33fc5f99aaeb50e7defed3e5e007a9c935e79ce3e0535545e67d93d7f2,b4e49b33fc5f99aaeb50e7defed3e5e007a9c935e79ce3e0535545e67d93d7f2
.cache/R/library/tibble/Meta/Rd.rds,unchanged,002bb67c676ea14c5c2363768bd68b0dcb52547fdc9cd14be4d9bdcf7962b16c,002bb67c676ea14c5c2363768bd68b0dcb52547fdc9cd14be4d9bdcf7962b16c
.cache/R/library/tibble/Meta/vignette.rds,unchanged,cbcad6c502deee2fcba3daf712a3d94392e62a6dec3e488ff0ccaeb8aebc62b4,cbcad6c502deee2fcba3daf712a3d94392e62a6dec3e488ff0ccaeb8aebc62b4
.cache/R/library/tibble/NAMESPACE,unchanged,4b94efd88281201b82788a32553ce32ab70acb56de8307993e08ac42ba24c8dd,4b94efd88281201b82788a32553ce32ab70acb56de8307993e08ac42ba24c8dd
.cache/R/library/tibble/NEWS.md,unchanged,8fff268392f8f633226cf0f047b9924467ca9b410650f9e4887c5b16bf97089c,8fff268392f8f633226cf0f047b9924467ca9b410650f9e4887c5b16bf97089c
.cache/R/library/tibble/R/tibble,unchanged,570ca456b280cdeb201ef5ebdf22dc8f80092e2c0c68e33c7f73340e420f3759,570ca456b280cdeb201ef5ebdf22dc8f80092e2c0c68e33c7f73340e420f3759
.cache/R/library/tibble/R/tibble.rdb,unchanged,8dc5da2313d1a13a0fe17032ece3a68690a837ccce504e2c8ecf798cbae7b824,8dc5da2313d1a13a0fe17032ece3a68690a837ccce504e2c8ecf798cbae7b824
.cache/R/library/tibble/R/tibble.rdx,unchanged,d85f3efe82459324460d92f905f74737d45ff346fa7e4b064287b5987b7b8af6,d85f3efe82459324460d92f905f74737d45ff346fa7e4b064287b5987b7b8af6
.cache/R/library/tibble/README.md,unchanged,3f3d04ef714c95bf72a398ca7e43c44432f2254031af45435137d1e8747f0cca,3f3d04ef714c95bf72a398ca7e43c44432f2254031af45435137d1e8747f0cca
.cache/R/library/tmvtnorm/CITATION,unchanged,5944a4dea520266f8df935e2a682b6f8bba6e260dc96c9ab144311bab913d585,5944a4dea520266f8df935e2a682b6f8bba6e260dc96c9ab144311bab913d585
.cache/R/library/tmvtnorm/DESCRIPTION,unchanged,01ca0d15be3e7b82490c8b3331079757988f6dc8e2193550fec0af48b144c592,01ca0d15be3e7b82490c8b3331079757988f6dc8e2193550fec0af48b144c592
.cache/R/library/tmvtnorm/INDEX,unchanged,0c2d54c65ff9165d3c9c07a0a8e925c326f6e00db4a71f5f429389d89138736f,0c2d54c65ff9165d3c9c07a0a8e925c326f6e00db4a71f5f429389d89138736f
.cache/R/library/tmvtnorm/libs/x64/symbols.rds,unchanged,6846dd6e066eb0aa71a1c4898b633c010d036ff745b469a355edda9caa777766,6846dd6e066eb0aa71a1c4898b633c010d036ff745b469a355edda9caa777766
.cache/R/library/tmvtnorm/libs/x64/tmvtnorm.dll,unchanged,a77e40abed4e4b252c3dd8e456a01e42d7e2c7b5d2084987f5f78591fb49bd7f,a77e40abed4e4b252c3dd8e456a01e42d7e2c7b5d2084987f5f78591fb49bd7f
.cache/R/library/tmvtnorm/MD5,unchanged,d7727bbce24c866ba699e7e3c9ed00f16aacde9113577965ad65152e92657e04,d7727bbce24c866ba699e7e3c9ed00f16aacde9113577965ad65152e92657e04
.cache/R/library/tmvtnorm/Meta/demo.rds,unchanged,c4ad76a348f33c8cbad58d3965c11890eac1188d0d48dea1523172ca3e500b19,c4ad76a348f33c8cbad58d3965c11890eac1188d0d48dea1523172ca3e500b19
.cache/R/library/tmvtnorm/Meta/features.rds,unchanged,efeebf7eda733834b9094906a02c7b94f3350038f22ba031ec9e1f29da466faa,efeebf7eda733834b9094906a02c7b94f3350038f22ba031ec9e1f29da466faa
.cache/R/library/tmvtnorm/Meta/hsearch.rds,unchanged,f5d5025fdffb3d14246640a1b6bd2cf02c55ac35d0f53d6206b7caa5e1175d1e,f5d5025fdffb3d14246640a1b6bd2cf02c55ac35d0f53d6206b7caa5e1175d1e
.cache/R/library/tmvtnorm/Meta/links.rds,unchanged,e76ee73553b68082ce29653d6ffc15a941d5a34333f887d07e7ba65f5a17f238,e76ee73553b68082ce29653d6ffc15a941d5a34333f887d07e7ba65f5a17f238
.cache/R/library/tmvtnorm/Meta/nsInfo.rds,unchanged,aa28c9767b47e2c4a4200746d497c5f4cdb41d7a3d02eebfe6cf26c9866e68b0,aa28c9767b47e2c4a4200746d497c5f4cdb41d7a3d02eebfe6cf26c9866e68b0
.cache/R/library/tmvtnorm/Meta/package.rds,unchanged,5185fc02849ae7fbc65370920efe993ebbd167e683f9f4de8d3a97e8530973c8,5185fc02849ae7fbc65370920efe993ebbd167e683f9f4de8d3a97e8530973c8
.cache/R/library/tmvtnorm/Meta/Rd.rds,unchanged,6171e751ba948d00dda22d2dbbc1d64edb8a409d1b57e2f6887df9e26b2646e3,6171e751ba948d00dda22d2dbbc1d64edb8a409d1b57e2f6887df9e26b2646e3
.cache/R/library/tmvtnorm/Meta/vignette.rds,unchanged,6c75c2d0dc822c3d7cf53eb301de88d4f12f7a011715936341915ffc0736f69b,6c75c2d0dc822c3d7cf53eb301de88d4f12f7a011715936341915ffc0736f69b
.cache/R/library/tmvtnorm/NAMESPACE,unchanged,6a0ca4e453567657103c68b295a732bffb4b110d3866f1494eb583cf8bc7ecb5,6a0ca4e453567657103c68b295a732bffb4b110d3866f1494eb583cf8bc7ecb5
.cache/R/library/tmvtnorm/NEWS,unchanged,9caa8611a391c16b51ccebf033c87471e4db8f7563b11d59fca15a82dabb4229,9caa8611a391c16b51ccebf033c87471e4db8f7563b11d59fca15a82dabb4229
.cache/R/library/tmvtnorm/R/tmvtnorm,unchanged,570ca456b280cdeb201ef5ebdf22dc8f80092e2c0c68e33c7f73340e420f3759,570ca456b280cdeb201ef5ebdf22dc8f80092e2c0c68e33c7f73340e420f3759
.cache/R/library/tmvtnorm/R/tmvtnorm.rdb,unchanged,da72c04adab9510a4d92ff9907551f282c13645a245d5f9570833a6b54f92429,da72c04adab9510a4d92ff9907551f282c13645a245d5f9570833a6b54f92429
.cache/R/library/tmvtnorm/R/tmvtnorm.rdx,unchanged,d1702ad4355f6c7ad018c10e355420409657142dfab0ef951dc5aab8c5c796ba,d1702ad4355f6c7ad018c10e355420409657142dfab0ef951dc5aab8c5c796ba
.cache/R/library/tmvtnorm/README.md,unchanged,a94d3390b1ac45a2b232f2d494564fcb9d2472a9bd9564e941f5582f5a2643b0,a94d3390b1ac45a2b232f2d494564fcb9d2472a9bd9564e941f5582f5a2643b0
.cache/R/library/ucminf/DESCRIPTION,unchanged,c20e75863ba8123dec6c623e2b0224b69d1665750119c30c4973d45afa7a1dd7,c20e75863ba8123dec6c623e2b0224b69d1665750119c30c4973d45afa7a1dd7
.cache/R/library/ucminf/INDEX,unchanged,bb00bfeed818010ec9126a3631348fb3f1c98f618869e74277793122e457f896,bb00bfeed818010ec9126a3631348fb3f1c98f618869e74277793122e457f896
.cache/R/library/ucminf/libs/x64/symbols.rds,unchanged,eced27c8b39cc8b94e573c1d5a288e8672a17dc8a8cb4317832f0b9228041e40,eced27c8b39cc8b94e573c1d5a288e8672a17dc8a8cb4317832f0b9228041e40
.cache/R/library/ucminf/libs/x64/ucminf.dll,unchanged,026834c417205014dcb8ca251bb3521ba3a7a6279d3aac2a5e87d06e59d5705f,026834c417205014dcb8ca251bb3521ba3a7a6279d3aac2a5e87d06e59d5705f
.cache/R/library/ucminf/MD5,unchanged,1f1640a92cbef6243b372ffa508ef32be2011f13b023f5cc05b6d13dbeb6f9ac,1f1640a92cbef6243b372ffa508ef32be2011f13b023f5cc05b6d13dbeb6f9ac
.cache/R/library/ucminf/Meta/features.rds,unchanged,d7c4768207ee4eb81ddf48f3c827ee84d899b8ef253771f8e64a1adf80ae35ed,d7c4768207ee4eb81ddf48f3c827ee84d899b8ef253771f8e64a1adf80ae35ed
.cache/R/library/ucminf/Meta/hsearch.rds,unchanged,2c2983da92ab913ca471e4277b3acb1943cd7b373876187f060ef252f7ecebbf,2c2983da92ab913ca471e4277b3acb1943cd7b373876187f060ef252f7ecebbf
.cache/R/library/ucminf/Meta/links.rds,unchanged,f62951a94cc9dffae9fc0e17d3a85105dce5dcefe9d945673250ae87289e75e7,f62951a94cc9dffae9fc0e17d3a85105dce5dcefe9d945673250ae87289e75e7
.cache/R/library/ucminf/Meta/nsInfo.rds,unchanged,a48527e3b5801b68f3f70c704cc68bf687f966bd187702c075585bd790f3cfbe,a48527e3b5801b68f3f70c704cc68bf687f966bd187702c075585bd790f3cfbe
.cache/R/library/ucminf/Meta/package.rds,unchanged,c3c98ceb91d16ba6643e8444c063ba736064effff5f867593b77dd740e5f7e26,c3c98ceb91d16ba6643e8444c063ba736064effff5f867593b77dd740e5f7e26
.cache/R/library/ucminf/Meta/Rd.rds,unchanged,52190e2c775e02c746e14c3557e74987d116e702449ff7b32127032b6b7b53b6,52190e2c775e02c746e14c3557e74987d116e702449ff7b32127032b6b7b53b6
.cache/R/library/ucminf/NAMESPACE,unchanged,09a617a1dd0e34296df4e366aa21cc1235b8285f079b9f5940ff80aaaa6515d6,09a617a1dd0e34296df4e366aa21cc1235b8285f079b9f5940ff80aaaa6515d6
.cache/R/library/ucminf/NEWS.md,unchanged,85b0daa456b4acb9b6af99029463fb2d900d694aedd8e4fcb82ab972b1fed489,85b0daa456b4acb9b6af99029463fb2d900d694aedd8e4fcb82ab972b1fed489
.cache/R/library/ucminf/R/ucminf,unchanged,570ca456b280cdeb201ef5ebdf22dc8f80092e2c0c68e33c7f73340e420f3759,570ca456b280cdeb201ef5ebdf22dc8f80092e2c0c68e33c7f73340e420f3759
.cache/R/library/ucminf/R/ucminf.rdb,unchanged,270feb2f1581e5efd00f832514e511967e2a72fa6ed4f4285baef6ab1e428b28,270feb2f1581e5efd00f832514e511967e2a72fa6ed4f4285baef6ab1e428b28
.cache/R/library/ucminf/R/ucminf.rdx,unchanged,a76f9052da62b7821d126cd6117a70ab86ffbb5bb8784d9533573589c3f08d05,a76f9052da62b7821d126cd6117a70ab86ffbb5bb8784d9533573589c3f08d05
.cache/R/library/ucminf/README.md,unchanged,ca81f9579c6b4d3344670fff1f6df9b83ad5c9e61ebbb80732c7135bb6b876aa,ca81f9579c6b4d3344670fff1f6df9b83ad5c9e61ebbb80732c7135bb6b876aa
.cache/R/library/utf8/DESCRIPTION,unchanged,0de10f217983ca23b72d089773db436aaf52fac025412e2f8b1bf158ebc0be4e,0de10f217983ca23b72d089773db436aaf52fac025412e2f8b1bf158ebc0be4e
.cache/R/library/utf8/INDEX,unchanged,7f3351f6176810802a53d60c4379a310e2068b5d9a0a39b488f0d381006cb077,7f3351f6176810802a53d60c4379a310e2068b5d9a0a39b488f0d381006cb077
.cache/R/library/utf8/libs/x64/symbols.rds,unchanged,ead058620efb1544eaebe702ac3fa29fd6f33ecde35fc8b1e08cacefe802396a,ead058620efb1544eaebe702ac3fa29fd6f33ecde35fc8b1e08cacefe802396a
.cache/R/library/utf8/libs/x64/utf8.dll,unchanged,fc522dd372d8e4da64edafad75eba7cad13ca6e50715a7677ae03fdf199200e3,fc522dd372d8e4da64edafad75eba7cad13ca6e50715a7677ae03fdf199200e3
.cache/R/library/utf8/LICENSE,unchanged,cfc7749b96f63bd31c3c42b5c471bf756814053e847c10f3eb003417bc523d30,cfc7749b96f63bd31c3c42b5c471bf756814053e847c10f3eb003417bc523d30
.cache/R/library/utf8/MD5,unchanged,f1230f641ad4cd0924add18538ff1b5846f8c30825a48e4228c079fb84a6889d,f1230f641ad4cd0924add18538ff1b5846f8c30825a48e4228c079fb84a6889d
.cache/R/library/utf8/Meta/features.rds,unchanged,efeebf7eda733834b9094906a02c7b94f3350038f22ba031ec9e1f29da466faa,efeebf7eda733834b9094906a02c7b94f3350038f22ba031ec9e1f29da466faa
.cache/R/library/utf8/Meta/hsearch.rds,unchanged,6d1705dedbc41b8467d3e34962c9943e17228ac185b59740a83d5c2442459b42,6d1705dedbc41b8467d3e34962c9943e17228ac185b59740a83d5c2442459b42
.cache/R/library/utf8/Meta/links.rds,unchanged,b61418aee192253f99d078567d63aa235fc4b2d3d8887a726432a57a7b5da2ec,b61418aee192253f99d078567d63aa235fc4b2d3d8887a726432a57a7b5da2ec
.cache/R/library/utf8/Meta/nsInfo.rds,unchanged,c17e052365d7ab56230ca86a2461c266c6b8c94d5e54cedfc5cf4512c853740a,c17e052365d7ab56230ca86a2461c266c6b8c94d5e54cedfc5cf4512c853740a
.cache/R/library/utf8/Meta/package.rds,unchanged,699056b9c4ec61bdbd14f8c13189b2dde7704b45c4147afb742732ce473a97ba,699056b9c4ec61bdbd14f8c13189b2dde7704b45c4147afb742732ce473a97ba
.cache/R/library/utf8/Meta/Rd.rds,unchanged,8c19173a0e8189671628a463fd584b04b25cda540427b144b5da8295e5ea9bb2,8c19173a0e8189671628a463fd584b04b25cda540427b144b5da8295e5ea9bb2
.cache/R/library/utf8/Meta/vignette.rds,unchanged,23de00ddbbe83409d552e6411b90ea5743b3fa19aca2c6782886bac9c21d16ca,23de00ddbbe83409d552e6411b90ea5743b3fa19aca2c6782886bac9c21d16ca
.cache/R/library/utf8/NAMESPACE,unchanged,fc0655fa2b60b691c4f3d9ee49f86cce520192cb463077a50ea002cc8c82fa35,fc0655fa2b60b691c4f3d9ee49f86cce520192cb463077a50ea002cc8c82fa35
.cache/R/library/utf8/NEWS.md,unchanged,2830e686a58b3f3012446e395b2b6b5adb6aff84684d857b2d9fc7a7faf121db,2830e686a58b3f3012446e395b2b6b5adb6aff84684d857b2d9fc7a7faf121db
.cache/R/library/utf8/R/utf8,unchanged,570ca456b280cdeb201ef5ebdf22dc8f80092e2c0c68e33c7f73340e420f3759,570ca456b280cdeb201ef5ebdf22dc8f80092e2c0c68e33c7f73340e420f3759
.cache/R/library/utf8/R/utf8.rdb,unchanged,5f1e053b1ba84e9c621e76d1a816860333411610fbdabf6139d7ef2c269eeaf4,5f1e053b1ba84e9c621e76d1a816860333411610fbdabf6139d7ef2c269eeaf4
.cache/R/library/utf8/R/utf8.rdx,unchanged,c97d91c43a436fa05851f8847bdf4a4a50ad4b10a301d44e45d0b1abb5b2dad7,c97d91c43a436fa05851f8847bdf4a4a50ad4b10a301d44e45d0b1abb5b2dad7
.cache/R/library/utf8/README.md,unchanged,c78f132d8b9dd6ca65f800501ba5f861e3d0a4b2bc33a21173daef88e454254c,c78f132d8b9dd6ca65f800501ba5f861e3d0a4b2bc33a21173daef88e454254c
.cache/R/library/vctrs/DESCRIPTION,unchanged,52c388079cb59685241149d73a497ff662d252203d0425502d435f739e433064,52c388079cb59685241149d73a497ff662d252203d0425502d435f739e433064
.cache/R/library/vctrs/INDEX,unchanged,157021a5621cab5a64264213526ebd357d5454cda108f3adeef022e30e2c3218,157021a5621cab5a64264213526ebd357d5454cda108f3adeef022e30e2c3218
.cache/R/library/vctrs/libs/x64/symbols.rds,unchanged,2adab9c85f7f7258538d5135daae1df9d8cafe6cbdfa2c81140308e967822227,2adab9c85f7f7258538d5135daae1df9d8cafe6cbdfa2c81140308e967822227
.cache/R/library/vctrs/libs/x64/vctrs.dll,unchanged,3092933e2a8b3d08e0246aec02dc686585748abc60877b7f0bd5a6300b327514,3092933e2a8b3d08e0246aec02dc686585748abc60877b7f0bd5a6300b327514
.cache/R/library/vctrs/LICENSE,unchanged,cf3ca4dadcd87073140dade7a0fac48fe9bfc249fd5152415fd44dad263c3447,cf3ca4dadcd87073140dade7a0fac48fe9bfc249fd5152415fd44dad263c3447
.cache/R/library/vctrs/MD5,unchanged,73a00603dadff7d1955c93be3002cf163df0a665912dfe31431d61a0cfa9b01d,73a00603dadff7d1955c93be3002cf163df0a665912dfe31431d61a0cfa9b01d
.cache/R/library/vctrs/Meta/features.rds,unchanged,efeebf7eda733834b9094906a02c7b94f3350038f22ba031ec9e1f29da466faa,efeebf7eda733834b9094906a02c7b94f3350038f22ba031ec9e1f29da466faa
.cache/R/library/vctrs/Meta/hsearch.rds,unchanged,0aaed407be1f932893e5ec53f9b1141528209e0234d64aa7b81e933cd06627c6,0aaed407be1f932893e5ec53f9b1141528209e0234d64aa7b81e933cd06627c6
.cache/R/library/vctrs/Meta/links.rds,unchanged,8f7b7bfc54979d01807d566340bd1e2b3c84584b2f6aed9a17b63b97b7a0963f,8f7b7bfc54979d01807d566340bd1e2b3c84584b2f6aed9a17b63b97b7a0963f
.cache/R/library/vctrs/Meta/nsInfo.rds,unchanged,24b02db247c20ce0680830625ac1f135437f31ab3f5a0e4c75831edd55a4e8e7,24b02db247c20ce0680830625ac1f135437f31ab3f5a0e4c75831edd55a4e8e7
.cache/R/library/vctrs/Meta/package.rds,unchanged,2f8aae74cf01f6f9431c5ba5c5645389b6f0b61f70d487fb4c0b1ce91edb924d,2f8aae74cf01f6f9431c5ba5c5645389b6f0b61f70d487fb4c0b1ce91edb924d
.cache/R/library/vctrs/Meta/Rd.rds,unchanged,c63e1c25ffb78e0bbb27eebc911836a901b4b3aeeead16d8cdddc76c62cfdbec,c63e1c25ffb78e0bbb27eebc911836a901b4b3aeeead16d8cdddc76c62cfdbec
.cache/R/library/vctrs/Meta/vignette.rds,unchanged,3b20f6a1a824beb88be794661e1e5dcf8e68a043645ea5bbb9a67bd00aa0e573,3b20f6a1a824beb88be794661e1e5dcf8e68a043645ea5bbb9a67bd00aa0e573
.cache/R/library/vctrs/NAMESPACE,unchanged,06bb832bc576d4b4a6b75cda70bb19d57d6b1f52f84bb609b843cacf44cc5906,06bb832bc576d4b4a6b75cda70bb19d57d6b1f52f84bb609b843cacf44cc5906
.cache/R/library/vctrs/NEWS.md,unchanged,12ed5d3e1a143f59278c5d76290b26f82607ca77bcf7600f2a202b1ee77eae0c,12ed5d3e1a143f59278c5d76290b26f82607ca77bcf7600f2a202b1ee77eae0c
.cache/R/library/vctrs/R/vctrs,unchanged,570ca456b280cdeb201ef5ebdf22dc8f80092e2c0c68e33c7f73340e420f3759,570ca456b280cdeb201ef5ebdf22dc8f80092e2c0c68e33c7f73340e420f3759
.cache/R/library/vctrs/R/vctrs.rdb,unchanged,ed66524862a6a507ca0a490464dd09297b332fcf49d1b09b65a424a9a4357553,ed66524862a6a507ca0a490464dd09297b332fcf49d1b09b65a424a9a4357553
.cache/R/library/vctrs/R/vctrs.rdx,unchanged,5b46e827c3e01fd36ff8ee1afc1ee5de0b570d71b16dd7116d6c75ddb8db3dcf,5b46e827c3e01fd36ff8ee1afc1ee5de0b570d71b16dd7116d6c75ddb8db3dcf
.cache/R/library/vctrs/README.md,unchanged,f153543ebc2475e18ce7084a4b44d3d02d0da8d187a13a93da329964c5ff0759,f153543ebc2475e18ce7084a4b44d3d02d0da8d187a13a93da329964c5ff0759
.cache/R/library/vctrs/WORDLIST,unchanged,be4790368794ebbe0d0024e8bb5a4ac3e4ac21be62662e7dc55aead1b348e2cc,be4790368794ebbe0d0024e8bb5a4ac3e4ac21be62662e7dc55aead1b348e2cc
.cache/R/library/zoo/CITATION,unchanged,28d5bded489940aa3a7e1be4d35212cb284e7f43ea7838d57738a83869003ec1,28d5bded489940aa3a7e1be4d35212cb284e7f43ea7838d57738a83869003ec1
.cache/R/library/zoo/DESCRIPTION,unchanged,e57cab8e0baad0d7cfd55de9f37e5503432ca06b94c3f0bc6121c05bc73039ef,e57cab8e0baad0d7cfd55de9f37e5503432ca06b94c3f0bc6121c05bc73039ef
.cache/R/library/zoo/INDEX,unchanged,02ff4fd0fd78ee673bf4a107982caf2d9b9d8a4818b14348ba045e0476e95b0c,02ff4fd0fd78ee673bf4a107982caf2d9b9d8a4818b14348ba045e0476e95b0c
.cache/R/library/zoo/libs/x64/symbols.rds,unchanged,d88098066d444968dce5b8ab03a7bb8b480dabd1ca0c0897770605f9dbd4f656,d88098066d444968dce5b8ab03a7bb8b480dabd1ca0c0897770605f9dbd4f656
.cache/R/library/zoo/libs/x64/zoo.dll,unchanged,bc848d356a1b97051eb8431ec265a7dd36f465bfee761f53c835d0551ed00191,bc848d356a1b97051eb8431ec265a7dd36f465bfee761f53c835d0551ed00191
.cache/R/library/zoo/MD5,unchanged,50658d876ec6bcee2275424841231713312526c564baa4db5c6eb1e70efb41d7,50658d876ec6bcee2275424841231713312526c564baa4db5c6eb1e70efb41d7
.cache/R/library/zoo/Meta/demo.rds,unchanged,a566cdb63966881d82263cee8594cd225d2037dbf98e916b0dee0a7a78487c45,a566cdb63966881d82263cee8594cd225d2037dbf98e916b0dee0a7a78487c45
.cache/R/library/zoo/Meta/features.rds,unchanged,efeebf7eda733834b9094906a02c7b94f3350038f22ba031ec9e1f29da466faa,efeebf7eda733834b9094906a02c7b94f3350038f22ba031ec9e1f29da466faa
.cache/R/library/zoo/Meta/hsearch.rds,unchanged,2315456fe7b5d58cccc45e791447ef8b2bf523763ab2eefb48e0a5f300d63cd3,2315456fe7b5d58cccc45e791447ef8b2bf523763ab2eefb48e0a5f300d63cd3
.cache/R/library/zoo/Meta/links.rds,unchanged,61e0c71de5deb901cd499ee852e4aae0f5f56bb7f3a2e8e2954f5c0eeb576d48,61e0c71de5deb901cd499ee852e4aae0f5f56bb7f3a2e8e2954f5c0eeb576d48
.cache/R/library/zoo/Meta/nsInfo.rds,unchanged,daa4bcbf550ce6759780a14eecd96b5fce6d4f5909d621ac834dacbd2be2f355,daa4bcbf550ce6759780a14eecd96b5fce6d4f5909d621ac834dacbd2be2f355
.cache/R/library/zoo/Meta/package.rds,unchanged,6f70b05cf5908843d8d7b2b3f4b2dd9f27a993b717c443f187ccf171245e4320,6f70b05cf5908843d8d7b2b3f4b2dd9f27a993b717c443f187ccf171245e4320
.cache/R/library/zoo/Meta/Rd.rds,unchanged,60ca096e29e8aa0d821c3500ac0c6929b6ed0b26c424a24a14ffae1693a5212a,60ca096e29e8aa0d821c3500ac0c6929b6ed0b26c424a24a14ffae1693a5212a
.cache/R/library/zoo/Meta/vignette.rds,unchanged,4dbb3e5895e8a0a26c6feb0b8a49f2bab5ec546f0aee934fb220ebde3509de1e,4dbb3e5895e8a0a26c6feb0b8a49f2bab5ec546f0aee934fb220ebde3509de1e
.cache/R/library/zoo/NAMESPACE,unchanged,c1d5a66f63c5acaabbe013fd282bf6f3248c528408ab2f03c162f73a79c9b541,c1d5a66f63c5acaabbe013fd282bf6f3248c528408ab2f03c162f73a79c9b541
.cache/R/library/zoo/NEWS.md,unchanged,75633f28efe26b9ef89c3782f0f57a1ff41abf3d58e3c709c127593991083e56,75633f28efe26b9ef89c3782f0f57a1ff41abf3d58e3c709c127593991083e56
.cache/R/library/zoo/R/zoo,unchanged,570ca456b280cdeb201ef5ebdf22dc8f80092e2c0c68e33c7f73340e420f3759,570ca456b280cdeb201ef5ebdf22dc8f80092e2c0c68e33c7f73340e420f3759
.cache/R/library/zoo/R/zoo.rdb,unchanged,69ba23a828bfb97affdb1910274198098d7f1edd49a7fe5c295a60a3ae1e47a2,69ba23a828bfb97affdb1910274198098d7f1edd49a7fe5c295a60a3ae1e47a2
.cache/R/library/zoo/R/zoo.rdx,unchanged,e9d9d523e83df9a9d666bf725169a635bb698df262e3c39672e950e21852d017,e9d9d523e83df9a9d666bf725169a635bb698df262e3c39672e950e21852d017
.cache/R/library/zoo/README.md,unchanged,7fae5da7d22a88a781ab6bca26f1a2016bbc8e411130a32a7d79fb846745aeea,7fae5da7d22a88a781ab6bca26f1a2016bbc8e411130a32a7d79fb846745aeea
.cache/R/library/zoo/THANKS,unchanged,17f61cc5a5830f8dae5c0fc1c1cc83301fd2bb846b8f56ac821aa538bf09ef9b,17f61cc5a5830f8dae5c0fc1c1cc83301fd2bb846b8f56ac821aa538bf09ef9b
.cache/R/library/zoo/TODO,unchanged,18b7c0f18fb2b3a6dc6480212593fa4f97271d2646902cd9fa521fea473d5268,18b7c0f18fb2b3a6dc6480212593fa4f97271d2646902cd9fa521fea473d5268
.cache/R/library/zoo/WISHLIST,unchanged,29854534100d268d8bc4caf8b496d80ed05ece073ee4c0ccd0df6fcd89f00377,29854534100d268d8bc4caf8b496d80ed05ece073ee4c0ccd0df6fcd89f00377
code_longitudinal/__init__.py,unchanged,b32ee808a9800a5b666321d1e576a5b75aadafe1a746f0f8f640fe06709b57d6,b32ee808a9800a5b666321d1e576a5b75aadafe1a746f0f8f640fe06709b57d6
code_longitudinal/audit_all_2x2_model_ready.py,unchanged,d91ca0e25c47539e3c82dab24b8bd2f70c5b08fe6b8f16dbb79fcd9b0efe1ab0,d91ca0e25c47539e3c82dab24b8bd2f70c5b08fe6b8f16dbb79fcd9b0efe1ab0
code_longitudinal/audit_longitudinal.py,unchanged,11b1cd9938bea0cefcc0834155a22cc23a30e53ed9196319a3d1a63b42ef08be,11b1cd9938bea0cefcc0834155a22cc23a30e53ed9196319a3d1a63b42ef08be
code_longitudinal/audit_panel_2000_integrity.py,unchanged,559f35998aced24272b05556a215f842277931f12e664de2daee4f5d65175c61,559f35998aced24272b05556a215f842277931f12e664de2daee4f5d65175c61
code_longitudinal/audit_r_krt_exact_model_equivalence.py,unchanged,6e06ccaf42373a023b9866c73e966f6ad1b2f320e5662404cbca3874e1d55723,6e06ccaf42373a023b9866c73e966f6ad1b2f320e5662404cbca3874e1d55723
code_longitudinal/audit_v11_candidate.py,unchanged,5ece90ae48f6ff6a65a7a337259ddc8c5781b32b469f36ebab960cfb089d64bc,5ece90ae48f6ff6a65a7a337259ddc8c5781b32b469f36ebab960cfb089d64bc
code_longitudinal/balance_checks.py,unchanged,74f8bc5cf1da575d9d038b7146cd002b03391a117934a149b5ae1e6129a160de,74f8bc5cf1da575d9d038b7146cd002b03391a117934a149b5ae1e6129a160de
code_longitudinal/benchmark_krt_backend_2000.py,unchanged,a5a3a71c4f9d07abfd8eac5e8bbc53f4f9a16b11f589ace6565919cabaeb141f,a5a3a71c4f9d07abfd8eac5e8bbc53f4f9a16b11f589ace6565919cabaeb141f
code_longitudinal/beta_outputs.py,unchanged,856df6e48af09f29dd44f948724cb66a54bfb8d147de1bfbf66dc6478bc600e3,856df6e48af09f29dd44f948724cb66a54bfb8d147de1bfbf66dc6478bc600e3
code_longitudinal/build_chatgpt_package_3000.py,unchanged,3a908406391cd4e6acfb2bc34c727ea206b108107adf98a23f1ebfcf6e537adc,3a908406391cd4e6acfb2bc34c727ea206b108107adf98a23f1ebfcf6e537adc
code_longitudinal/build_common_panel_v2.py,unchanged,87faf98cbfabfa258e00b8cc74961fc95339dbf5607c41f46068784a51765a33,87faf98cbfabfa258e00b8cc74961fc95339dbf5607c41f46068784a51765a33
code_longitudinal/build_common_panel_v3.py,unchanged,494279f02decb6e28bc1cdcd6eb82153809638cce8afba3c7681a6dba19e3678,494279f02decb6e28bc1cdcd6eb82153809638cce8afba3c7681a6dba19e3678
code_longitudinal/build_current_estimation_coverage.py,unchanged,398b7ab146198fe3afac7151a53a3baea4d593e2af6e734e45f2b204aadbfdf2,398b7ab146198fe3afac7151a53a3baea4d593e2af6e734e45f2b204aadbfdf2
code_longitudinal/build_density_report_atlas.py,unchanged,d8713f87c6b887b8830c037dd288cf597a07c3ab1af786a21b5992e2d6c31bd2,d8713f87c6b887b8830c037dd288cf597a07c3ab1af786a21b5992e2d6c31bd2
code_longitudinal/build_figure_catalog.py,unchanged,a05ab8b3c36fbcd0c2f1f49244d7d3b2303f6ca951f8f83c7401c6499f2192b4,a05ab8b3c36fbcd0c2f1f49244d7d3b2303f6ca951f8f83c7401c6499f2192b4
code_longitudinal/build_full240_professor_release.py,unchanged,2ac08ec579eb6c5a166f7c47f4b0f34b670aa674b80bc8841ea32b71526c8c59,2ac08ec579eb6c5a166f7c47f4b0f34b670aa674b80bc8841ea32b71526c8c59
code_longitudinal/build_h0a_h1_method_outputs.py,unchanged,7c1d90bdebd4e0c8f2ad8a4049b01e184263c6b7a11ff53579c94adec8e5909c,7c1d90bdebd4e0c8f2ad8a4049b01e184263c6b7a11ff53579c94adec8e5909c
code_longitudinal/build_illustrated_report.py,unchanged,5c77a41ba239d5127a9a14266a0692abbfc48752dee15f2b82040fa016a0502b,5c77a41ba239d5127a9a14266a0692abbfc48752dee15f2b82040fa016a0502b
code_longitudinal/build_interim_professor_package_2000.py,unchanged,9c783d851c80bcb09b57ff45a5b22200ba0450c2fe577041ac63d3feeef9b4c9,9c783d851c80bcb09b57ff45a5b22200ba0450c2fe577041ac63d3feeef9b4c9
code_longitudinal/build_intermediate_professor_report_v3.py,unchanged,57fec976972b46e857582dfdc3ffcfded05f95beb5071958ce38571a7d131e5d,57fec976972b46e857582dfdc3ffcfded05f95beb5071958ce38571a7d131e5d
code_longitudinal/build_longitudinal_panel.py,unchanged,3002721a6cf449294517688a8ce9d6ff03a57e0d5dd3ad81a74084924930d00d,3002721a6cf449294517688a8ce9d6ff03a57e0d5dd3ad81a74084924930d00d
code_longitudinal/build_manifest.py,unchanged,d14d14eb5be08df5367fbc25c103f094189659da763f7fe2862c467966487372,d14d14eb5be08df5367fbc25c103f094189659da763f7fe2862c467966487372
code_longitudinal/build_outputs.py,unchanged,654a3bc043d7b2ef211bd64669763e7ea4cbc125171466947ca3c3e884d0d79b,654a3bc043d7b2ef211bd64669763e7ea4cbc125171466947ca3c3e884d0d79b
code_longitudinal/build_panel.py,unchanged,97531c04ea72b0710a02796dbe7d4186834a77e745f0422db69316d6362d33bf,97531c04ea72b0710a02796dbe7d4186834a77e745f0422db69316d6362d33bf
code_longitudinal/build_production_code_bundle_v101.py,unchanged,7da49a4c26937c833f3327a0e7aea4490642e2903c8975a513ffda4cc2a9ced2,7da49a4c26937c833f3327a0e7aea4490642e2903c8975a513ffda4cc2a9ced2
code_longitudinal/build_professor_appoint_package.py,unchanged,01583d5eff71d84b2e1761dc2a3b6e7840ef004eed5d16af19d4a41fb15005b2,01583d5eff71d84b2e1761dc2a3b6e7840ef004eed5d16af19d4a41fb15005b2
code_longitudinal/build_professor_global_recap.py,unchanged,11552c873507123c76d2a3d37d21dee9eaa70597042aaf020e8154cf5f14843f,11552c873507123c76d2a3d37d21dee9eaa70597042aaf020e8154cf5f14843f
code_longitudinal/build_professor_package_2000_complete.py,unchanged,695850d010dd1a8b41ac993e858dfd7442918f14f1fc14d0b242986a0a7a55e7,695850d010dd1a8b41ac993e858dfd7442918f14f1fc14d0b242986a0a7a55e7
code_longitudinal/build_professor_package_v3.py,unchanged,faf54450bd6cee43fcfcd03fe31b1594fada1d0dfaa5ad171c5caedc040c3edb,faf54450bd6cee43fcfcd03fe31b1594fada1d0dfaa5ad171c5caedc040c3edb
code_longitudinal/build_professor_release_assets.py,unchanged,98c15dd520e42e28ffdecc3def279030d421f05ffd30ee6e3345d115261bf7e8,98c15dd520e42e28ffdecc3def279030d421f05ffd30ee6e3345d115261bf7e8
code_longitudinal/build_professor_report_pdf.py,unchanged,7808400c7f5f45989b020ec460c0d1b389f1847905efdca35c9e51b7c9d535d2,7808400c7f5f45989b020ec460c0d1b389f1847905efdca35c9e51b7c9d535d2
code_longitudinal/build_professor_structure_review_package.py,unchanged,8877ff429daf2c6776e7917d8a0dadde4b4864754d651895bebeb827f355a700,8877ff429daf2c6776e7917d8a0dadde4b4864754d651895bebeb827f355a700
code_longitudinal/build_python240_interim_release.py,unchanged,2c605e5907fb514d69bcde921250f4b3a1e3ca29772d1ff961be34242a2d28b8,2c605e5907fb514d69bcde921250f4b3a1e3ca29772d1ff961be34242a2d28b8
code_longitudinal/build_python_longitudinal_outputs_current.py,unchanged,6cb0ae8a3bf06e48afd1c92b34b72ec8b0e76e589d74766ba98260e37a37a82c,6cb0ae8a3bf06e48afd1c92b34b72ec8b0e76e589d74766ba98260e37a37a82c
code_longitudinal/build_r_density_cross_validation.py,unchanged,b74df0a659fe56dce716b1f845f5e8cf85c420f09f385d11110a249c939ffde9,b74df0a659fe56dce716b1f845f5e8cf85c420f09f385d11110a249c939ffde9
code_longitudinal/build_release.py,unchanged,37db79007929c2bebb0b18bfcb3b9cc783c73f361c5767695a7107bd26cd75df,37db79007929c2bebb0b18bfcb3b9cc783c73f361c5767695a7107bd26cd75df
code_longitudinal/build_retained6_documentation.py,unchanged,b59b9f9ea0755df6d6fa9fc0472f88face6e78489d405a4ebf629f2236212040,b59b9f9ea0755df6d6fa9fc0472f88face6e78489d405a4ebf629f2236212040
code_longitudinal/build_retained6_report.py,unchanged,95cfed3e0bb3f1be088f63e1af67b02f89a22703751073eafff96b94c78e650d,95cfed3e0bb3f1be088f63e1af67b02f89a22703751073eafff96b94c78e650d
code_longitudinal/build_retained6_selection.py,unchanged,f5ffa6c1449fdcc950fab608aa59b49ebf6a9c65509ccdeb796d6e24035ec969,f5ffa6c1449fdcc950fab608aa59b49ebf6a9c65509ccdeb796d6e24035ec969
code_longitudinal/build_slide_explanation_guide.py,unchanged,b4ad95edb0f0ebec7db8131455e9297f351757e85933c8bfbf53c6b4993eff36,b4ad95edb0f0ebec7db8131455e9297f351757e85933c8bfbf53c6b4993eff36
code_longitudinal/build_unique_complete_archive.py,unchanged,566ab8074db51875cabb7fe72b773320d05bad51fe4f4e1b0e3159da285e0c8a,566ab8074db51875cabb7fe72b773320d05bad51fe4f4e1b0e3159da285e0c8a
code_longitudinal/build_v101_report.py,unchanged,42b83cfe0eda3d5c6fe91ea75cbddbe31b6dd2d36ea119480c342e5d08e41032,42b83cfe0eda3d5c6fe91ea75cbddbe31b6dd2d36ea119480c342e5d08e41032
code_longitudinal/build_v101_syntheses.py,unchanged,052e01bf412827d38ed5d0f3d2797d8cfbb516073282ba65dc6c61cb14013b13,052e01bf412827d38ed5d0f3d2797d8cfbb516073282ba65dc6c61cb14013b13
code_longitudinal/build_v11_audit_notebook.py,unchanged,dd96c4dda70cf2b0c51a6da091276fb8ff634d18c5deac5d1b3cb5cfc96b9790,dd96c4dda70cf2b0c51a6da091276fb8ff634d18c5deac5d1b3cb5cfc96b9790
code_longitudinal/build_v11_handoff.py,unchanged,a0866f7406e1b9e9c682d14ec947a83303b2e225553d645977c13ad3c777db22,a0866f7406e1b9e9c682d14ec947a83303b2e225553d645977c13ad3c777db22
code_longitudinal/build_v11_report_artifact.py,unchanged,4b652efdbd69fc4c6702f65afe8b33998a26bd082f7500efb9dc4c542ad95e5d,4b652efdbd69fc4c6702f65afe8b33998a26bd082f7500efb9dc4c542ad95e5d
code_longitudinal/compare_python_r_ei_all_2x2.py,unchanged,1e48984a7d37e4e7c9065ea3c8d155d152fae2ba356b0d4e5af70b2217828925,1e48984a7d37e4e7c9065ea3c8d155d152fae2ba356b0d4e5af70b2217828925
code_longitudinal/compare_python_r_ei_full_240.py,unchanged,4c1c681522ccde9da378f963c0571574a0afd111fcf6746f4c9af1edeadb4fee,4c1c681522ccde9da378f963c0571574a0afd111fcf6746f4c9af1edeadb4fee
code_longitudinal/compare_python_r_krt_exact_all_2x2.py,unchanged,9a08cbf1cca79bb3807f0d80daee154065651fe00219699874d03dde615c471a,9a08cbf1cca79bb3807f0d80daee154065651fe00219699874d03dde615c471a
code_longitudinal/consolidate_current_krt_all_2x2.py,unchanged,3cd09a9cdc6385648a5e5a27a39f84c0a719deb1b0a5b587af649ba38ff8bae1,3cd09a9cdc6385648a5e5a27a39f84c0a719deb1b0a5b587af649ba38ff8bae1
code_longitudinal/consolidate_nls_professor_outputs.py,unchanged,8456680c1c4386e642af6ab9122ebafea4cb135333ede6f8ad1e20b2d9a69a8b,8456680c1c4386e642af6ab9122ebafea4cb135333ede6f8ad1e20b2d9a69a8b
code_longitudinal/consolidate_r_ei_all_2x2.py,unchanged,9ef78e1b3b1b4feb848a7c0aefe76d0a810a2df38f80766493545a2ca6d3fdea,9ef78e1b3b1b4feb848a7c0aefe76d0a810a2df38f80766493545a2ca6d3fdea
code_longitudinal/consolidate_r_krt_exact_all_2x2.py,unchanged,9a4654c073f5a9e6301198d5a8d936a0ef51daf53451dd7f0b352354a976d7c9,9a4654c073f5a9e6301198d5a8d936a0ef51daf53451dd7f0b352354a976d7c9
code_longitudinal/consolidate_rxc_panel_extension_v11.py,unchanged,9ae7ce06c0d929c1e38d463011c237f08d6dd33bf93e679cb53b20b723f4ddcb,9ae7ce06c0d929c1e38d463011c237f08d6dd33bf93e679cb53b20b723f4ddcb
code_longitudinal/consolidation_core.py,unchanged,c01fc4232f9f5d0de2ba6ea5c2931db9c397503744b8ec6edd0a5f1d819a8181,c01fc4232f9f5d0de2ba6ea5c2931db9c397503744b8ec6edd0a5f1d819a8181
code_longitudinal/correct_audit_presentation.mjs,unchanged,37977672f3b54f0e0545b5cf037b5ea71ca7df07ecdeb98fda35e627e3fb9833,37977672f3b54f0e0545b5cf037b5ea71ca7df07ecdeb98fda35e627e3fb9833
code_longitudinal/data_io.py,unchanged,ec7bbdfe798907dc758c0c6395602daefed7150db5742e8e4ef3f4a8d3c4d75b,ec7bbdfe798907dc758c0c6395602daefed7150db5742e8e4ef3f4a8d3c4d75b
code_longitudinal/deliver_v11_report_html.py,unchanged,d1af10e393c28b3033ed7f9ce2b47d71f7860418f111601638f626b62517aa45,d1af10e393c28b3033ed7f9ce2b47d71f7860418f111601638f626b62517aa45
code_longitudinal/delivery_utils.py,unchanged,f1483dc001d02c2479c1e827fb23ce7b9cd0bcc177f6f6a924c2fc5c1ae94365,f1483dc001d02c2479c1e827fb23ce7b9cd0bcc177f6f6a924c2fc5c1ae94365
code_longitudinal/density_figures_v2.py,unchanged,4a0e5c2beb95526e9c0449e4a0234c2f71cb58fd6f2ae322dc9d103dd9651d2b,4a0e5c2beb95526e9c0449e4a0234c2f71cb58fd6f2ae322dc9d103dd9651d2b
code_longitudinal/diagnostics_v2.py,unchanged,0c0b338aba92133535678e83f009befc197a341d1888f5720634d93df8fc69ae,0c0b338aba92133535678e83f009befc197a341d1888f5720634d93df8fc69ae
code_longitudinal/export_density_pair_inputs.py,unchanged,f5f0aa9fd8c1e35a91e12a1da46f71d298d0a44a96aec9a88abdf3a884f1f256,f5f0aa9fd8c1e35a91e12a1da46f71d298d0a44a96aec9a88abdf3a884f1f256
code_longitudinal/extract_latent_densities.py,unchanged,90eaaea4e226dc59744e97d98ee29bfa34e661474d9b5fc2a1eba9777506025c,90eaaea4e226dc59744e97d98ee29bfa34e661474d9b5fc2a1eba9777506025c
code_longitudinal/finalize_density_bundle.py,unchanged,4b4b7ff35d0361f6f907e084679e67f9de442dc4df49e806ee5eb4683d7d5f9c,4b4b7ff35d0361f6f907e084679e67f9de442dc4df49e806ee5eb4683d7d5f9c
code_longitudinal/finalize_longitudinal.py,unchanged,3f759caaaef10a87ce1a1c70cd071e94f4c55ed50ad0e9260dda7bfaed91d0d6,3f759caaaef10a87ce1a1c70cd071e94f4c55ed50ad0e9260dda7bfaed91d0d6
code_longitudinal/finalize_priority_results.py,unchanged,4b09d15c3cfaa8d96445a4af098c5bed6468de28b36f6c24d453efbd7421d8f2,4b09d15c3cfaa8d96445a4af098c5bed6468de28b36f6c24d453efbd7421d8f2
code_longitudinal/finalize_priority_results_3000.py,unchanged,6274191e61c98f1a6689e37f0ff41eeafde8f2ae0c2d9fbf419e9a7c576d026f,6274191e61c98f1a6689e37f0ff41eeafde8f2ae0c2d9fbf419e9a7c576d026f
code_longitudinal/finalize_priority_results_3000_v3.py,unchanged,87c08ba7a4f029c0633bce8cf1d8598ae2b5feafecc3a342b66a4e2b0998a2a1,87c08ba7a4f029c0633bce8cf1d8598ae2b5feafecc3a342b66a4e2b0998a2a1
code_longitudinal/finalize_priority_results_v2.py,unchanged,4bb752d6dcb269ebc428b870bb20cbbea9f5b128d110dd015a1c1c1658e34404,4bb752d6dcb269ebc428b870bb20cbbea9f5b128d110dd015a1c1c1658e34404
code_longitudinal/finalize_professor_delivery.py,unchanged,c1e728c8a9f16a7ef5d51a9c0a3688c06d962e55c3a81bf164cd3c1e54c8c3b9,c1e728c8a9f16a7ef5d51a9c0a3688c06d962e55c3a81bf164cd3c1e54c8c3b9
code_longitudinal/freeze_benchmark.py,unchanged,cde878d3d1db426abbe23c24ee8c4c642672126216f87285f7fca72e8568149a,cde878d3d1db426abbe23c24ee8c4c642672126216f87285f7fca72e8568149a
code_longitudinal/h23_pilot_gate.py,unchanged,359bfe1ad7d3988d221471b1e110e107e930c1f3053c6a77f19f944c352a1752,359bfe1ad7d3988d221471b1e110e107e930c1f3053c6a77f19f944c352a1752
code_longitudinal/h23_supervisor.py,unchanged,4c9efa7b9a08c4c565b99299caa5e6154275eed2784dea9c229e4548dd665b6c,4c9efa7b9a08c4c565b99299caa5e6154275eed2784dea9c229e4548dd665b6c
code_longitudinal/identification_v2.py,unchanged,f0cf6b14aa3e80ed16ed925d727927e616a86b6db8253140449069a4248a443b,f0cf6b14aa3e80ed16ed925d727927e616a86b6db8253140449069a4248a443b
code_longitudinal/materialize_retained6_release.py,unchanged,c6e3989afbd26c63033321dff7bbae621c3b659e070d4d5e2e12eb367b2f3e2f,c6e3989afbd26c63033321dff7bbae621c3b659e070d4d5e2e12eb367b2f3e2f
code_longitudinal/materialize_v11_release.py,unchanged,835ec9adb34a61da21b2a3a2bd569db3acc2d8835786438b00f45f241e5ceafa,835ec9adb34a61da21b2a3a2bd569db3acc2d8835786438b00f45f241e5ceafa
code_longitudinal/nls.py,unchanged,76efb8a0ce2840dd11ae71df67fc437cf226888a379dca7ddd4019c4d7504ce8,76efb8a0ce2840dd11ae71df67fc437cf226888a379dca7ddd4019c4d7504ce8
code_longitudinal/output_schema.py,unchanged,dad91ff21609be8d5624ba8d1ce0132c86e75b1697fa87861aaaf258862bdb7c,dad91ff21609be8d5624ba8d1ce0132c86e75b1697fa87861aaaf258862bdb7c
code_longitudinal/package_current_progress_snapshot.py,unchanged,57ec0f175a6b71a01c56a05d02dd14326c726f8e7f1c43554ca58c8bcc9e5c80,57ec0f175a6b71a01c56a05d02dd14326c726f8e7f1c43554ca58c8bcc9e5c80
code_longitudinal/package_current_r_results.py,unchanged,83aac82fdf24407d7efc5d22567b55049a40847ee0175930dce6df13356841c5,83aac82fdf24407d7efc5d22567b55049a40847ee0175930dce6df13356841c5
code_longitudinal/package_full_continuation_handoff.py,unchanged,77cb1238717fc2e85e91858f52a218f518c3ae235b056f14af17b54614c9c819,77cb1238717fc2e85e91858f52a218f518c3ae235b056f14af17b54614c9c819
code_longitudinal/package_prof_student_final.py,unchanged,f1d7c2db632ddf3adce0816ded2d7053b76cd9d63a5231726cfd7b58de003f06,f1d7c2db632ddf3adce0816ded2d7053b76cd9d63a5231726cfd7b58de003f06
code_longitudinal/package_r_king_all_hypotheses.py,unchanged,3995f4d4d7271488dc33467ba4735744ca50aa92e40bb8426e852d907bb434f6,3995f4d4d7271488dc33467ba4735744ca50aa92e40bb8426e852d907bb434f6
code_longitudinal/package_release_v101.py,unchanged,6e1c5036da3f4d731e40dd6575a9f5e6fae1ca269bfaaab7ccb1a0b06aa74e3c,6e1c5036da3f4d731e40dd6575a9f5e6fae1ca269bfaaab7ccb1a0b06aa74e3c
code_longitudinal/package_retained6_release.py,unchanged,69938bf51635703e190cc2404c9534de85f9882a4e41b8877b343ba5585e80b8,69938bf51635703e190cc2404c9534de85f9882a4e41b8877b343ba5585e80b8
code_longitudinal/package_scoped_release.py,unchanged,b23c8f45dee2a56599d20be4f7449ec16df67b16b7bef82eb6251fcf591ee30b,b23c8f45dee2a56599d20be4f7449ec16df67b16b7bef82eb6251fcf591ee30b
code_longitudinal/package_v11_release.py,unchanged,a5df3b05694a8afbf01bd5d7abd401554bd6f209feabe0b6e936d7d3242a7e73,a5df3b05694a8afbf01bd5d7abd401554bd6f209feabe0b6e936d7d3242a7e73
code_longitudinal/paths.py,unchanged,210302cc9c2d7c7321ca43bab1f8c65b2b2f64854834dfa0aaa607a468687375,210302cc9c2d7c7321ca43bab1f8c65b2b2f64854834dfa0aaa607a468687375
code_longitudinal/pilot_outputs.py,unchanged,af79460eb789d3d922399626d5d8106d2dc1715a20063720df377ebedb7eec22,af79460eb789d3d922399626d5d8106d2dc1715a20063720df377ebedb7eec22
code_longitudinal/plot_2022_retained6_diagnostics.py,unchanged,c50c6589759bb9110c48c49537d12221225bf8f5c67081795f84ba252d2e8137,c50c6589759bb9110c48c49537d12221225bf8f5c67081795f84ba252d2e8137
code_longitudinal/plot_election_2022.py,unchanged,cea57aed30bc851aa5b1dfd2397cf69c893ea80628c30cb4aeb1eee465d43f08,cea57aed30bc851aa5b1dfd2397cf69c893ea80628c30cb4aeb1eee465d43f08
code_longitudinal/plot_longitudinal.py,unchanged,564e37b10881414f6aafb10a4943fd1a5cf4312818a45263a67ce38ab3c9efb8,564e37b10881414f6aafb10a4943fd1a5cf4312818a45263a67ce38ab3c9efb8
code_longitudinal/plot_python_r_retained6.py,unchanged,907f5cec22fb08d50aca57c9584e392e57ca97d4422a24ca76db6fe1925ee6f8,907f5cec22fb08d50aca57c9584e392e57ca97d4422a24ca76db6fe1925ee6f8
code_longitudinal/postprocess_aggregates_v2.py,unchanged,8e829f0fa66b311f0ef730fe72b3c8a5006184df709258a910ed05558b2d8fcc,8e829f0fa66b311f0ef730fe72b3c8a5006184df709258a910ed05558b2d8fcc
code_longitudinal/ppc_v2.py,unchanged,e34a86e858516d10ffd1be9ec21d3a43daf9be56a868ecbe591a9cf477ce358f,e34a86e858516d10ffd1be9ec21d3a43daf9be56a868ecbe591a9cf477ce358f
code_longitudinal/prepare_all_partitions.py,unchanged,758f93f4e3bf63f8d1e1c2b7d70a60c283c8d7b723103a3f762018ee529b89c9,758f93f4e3bf63f8d1e1c2b7d70a60c283c8d7b723103a3f762018ee529b89c9
code_longitudinal/prepare_inputs.py,unchanged,c21c0a7dc40138555b03fd9bfe9d62869c6924705a582d810d52bdc8318e81a5,c21c0a7dc40138555b03fd9bfe9d62869c6924705a582d810d52bdc8318e81a5
code_longitudinal/prepare_priority_v2.py,unchanged,26a588bb1ae5e1d5a68d5553994bb022730a5bdba2c1034522bd579c59877b2c,26a588bb1ae5e1d5a68d5553994bb022730a5bdba2c1034522bd579c59877b2c
code_longitudinal/preserve_v1_integrity.py,unchanged,d51021e39e69ec3b627587d9e60ac486dbceb21c5d1c0bcc0e5d3073da48b02c,d51021e39e69ec3b627587d9e60ac486dbceb21c5d1c0bcc0e5d3073da48b02c
code_longitudinal/README.html,unchanged,750f20868debff587ba67923e4959cfdb330ca992928a739743287248232f3a4,750f20868debff587ba67923e4959cfdb330ca992928a739743287248232f3a4
code_longitudinal/README.md,unchanged,f296a8bd91e6b471efc571020159c76378088fb25bf1d758df639af346f7a71d,f296a8bd91e6b471efc571020159c76378088fb25bf1d758df639af346f7a71d
code_longitudinal/release_artifacts.py,unchanged,32b04889e9ca7ce6970282b0604da371cc727c7ea47370d0d8334bca8a9a6c8f,32b04889e9ca7ce6970282b0604da371cc727c7ea47370d0d8334bca8a9a6c8f
code_longitudinal/release_scope.py,unchanged,d58608a520af471bd4c6341678a35722a03eb1bcb1837ce9cbd2792cf35c4039,d58608a520af471bd4c6341678a35722a03eb1bcb1837ce9cbd2792cf35c4039
code_longitudinal/release_v1_0_1_audit.py,unchanged,f01ffd46556c5ff83246c6fe7587f375b744e61846c2ab6b2d8258aed21dbb2e,f01ffd46556c5ff83246c6fe7587f375b744e61846c2ab6b2d8258aed21dbb2e
code_longitudinal/render_portable_report_pdf.mjs,unchanged,3e28b6061254c124098fd62f087feffa3ae97634a65f09e5ccc222771dfe55b0,3e28b6061254c124098fd62f087feffa3ae97634a65f09e5ccc222771dfe55b0
code_longitudinal/render_scoped_report_pdf.py,unchanged,dd863b66621bf52bb859af2246d5855ac38f925e531c4e7d017dada226853e02,dd863b66621bf52bb859af2246d5855ac38f925e531c4e7d017dada226853e02
code_longitudinal/render_v101_report_pdf.py,unchanged,af331935eeae93db9fe88d0683186c433daa84a93dbf56071e2e618f042e0ee3,af331935eeae93db9fe88d0683186c433daa84a93dbf56071e2e618f042e0ee3
code_longitudinal/render_v11_report_pdf.py,unchanged,623cddb116fba5219fb15c8cbfbd10ef1b9981331e68394d241489619b1be2c4,623cddb116fba5219fb15c8cbfbd10ef1b9981331e68394d241489619b1be2c4
code_longitudinal/repair_portable_report_from_template.py,unchanged,43d973f88148e16d5321beeb4ce31ea0421ec16f9153c6856c1ee6fee1ba96ef,43d973f88148e16d5321beeb4ce31ea0421ec16f9153c6856c1ee6fee1ba96ef
code_longitudinal/resume_krt_h1_with_timeout.py,unchanged,de139ae1b7e31668f1eca4d92471b952ae212742f017445f26f703141451a2a6,de139ae1b7e31668f1eca4d92471b952ae212742f017445f26f703141451a2a6
code_longitudinal/review_package.py,unchanged,3d1cee256f36200278b05b47733a2cb07f16226ef110cf1d6852d00ab566ccdc,3d1cee256f36200278b05b47733a2cb07f16226ef110cf1d6852d00ab566ccdc
code_longitudinal/run_2x2_batch.py,unchanged,fa662610ab3b28fcc67cb9d1ffb223a690b5dd4ded894193340092cb8e647443,fa662610ab3b28fcc67cb9d1ffb223a690b5dd4ded894193340092cb8e647443
code_longitudinal/run_fast_nls_covariate_specs.py,unchanged,416cfad8a96a194b4674178877ce319267017ee678baa43d5ef05ece148765d3,416cfad8a96a194b4674178877ce319267017ee678baa43d5ef05ece148765d3
code_longitudinal/run_h1_panel_sensitivity_v101.py,unchanged,156296cdd5cbf5325af8a4c4f01ff3b3c1f123a725f696f206475ff29a69d81b,156296cdd5cbf5325af8a4c4f01ff3b3c1f123a725f696f206475ff29a69d81b
code_longitudinal/run_longitudinal_production.py,unchanged,0fe34152daaf29d6c68ded0b3fcd15145465f978810b6fa667a36408cd18b189,0fe34152daaf29d6c68ded0b3fcd15145465f978810b6fa667a36408cd18b189
code_longitudinal/run_nls_batch.py,unchanged,89320dab1120e478230b6aff38f045575dc6dbfc8784d81239670ee75196c735,89320dab1120e478230b6aff38f045575dc6dbfc8784d81239670ee75196c735
code_longitudinal/run_nls_priority_v2.py,unchanged,0dc518aa508d5d9356e5fa261f7891784b62aaede0e2e95cf2e15364a67e6464,0dc518aa508d5d9356e5fa261f7891784b62aaede0e2e95cf2e15364a67e6464
code_longitudinal/run_pilot_ladder.py,unchanged,6f5f51813b431a192324adf0686f33ca54275fb712626d243beac9c98d065ee9,6f5f51813b431a192324adf0686f33ca54275fb712626d243beac9c98d065ee9
code_longitudinal/run_pipeline.py,unchanged,687bf87893c5582f049447219ab0ace041aa9def1e5478ce047b718cdd98d5b8,687bf87893c5582f049447219ab0ace041aa9def1e5478ce047b718cdd98d5b8
code_longitudinal/run_priority_production.py,unchanged,903ace23fb7e5d1f24a7b4f82470bcfc239f4740cc5fbb3600e6078757e3c34a,903ace23fb7e5d1f24a7b4f82470bcfc239f4740cc5fbb3600e6078757e3c34a
code_longitudinal/run_priority_production_v2.py,unchanged,8fca38f3317ef45aae4399b60cc6e1c360152da21ba80a9b4e695fd2202ccdd1,8fca38f3317ef45aae4399b60cc6e1c360152da21ba80a9b4e695fd2202ccdd1
code_longitudinal/run_priority_production_v3.py,unchanged,2b1df74a160f202fb7456ef513366699ca9f4176211724ca3fb8d7d01c5d8748,2b1df74a160f202fb7456ef513366699ca9f4176211724ca3fb8d7d01c5d8748
code_longitudinal/run_r_ei_all_2x2.py,unchanged,d412c58b91286385e5fd7303624d7d1e62116d9203f26b0d7d4ca78a71a1fdfe,d412c58b91286385e5fd7303624d7d1e62116d9203f26b0d7d4ca78a71a1fdfe
code_longitudinal/run_r_king_ei_replication.py,unchanged,518a8068d31d1bdb5a0a4ac42b2014f7feec96ba4a3673cb815f4dfcf80d5631,518a8068d31d1bdb5a0a4ac42b2014f7feec96ba4a3673cb815f4dfcf80d5631
code_longitudinal/run_r_krt_exact_all_2x2.py,unchanged,37044a1987753d483514f023fccfc32312a1c5471105ba85b0cec513e803e7d2,37044a1987753d483514f023fccfc32312a1c5471105ba85b0cec513e803e7d2
code_longitudinal/run_r_nls_replication.py,unchanged,1fa58d59a40a6b0ea6c7726aa931763dca475ec0cbe3ded3915723c31366ae95,1fa58d59a40a6b0ea6c7726aa931763dca475ec0cbe3ded3915723c31366ae95
code_longitudinal/run_r_rxc_extension_v11.py,unchanged,47a2c13e6e47aad95527dc69d67769600d9c1e9de9c79617c38e9d5673b38b5a,47a2c13e6e47aad95527dc69d67769600d9c1e9de9c79617c38e9d5673b38b5a
code_longitudinal/run_registry.py,unchanged,4e6c83602f31f3ae16ffc548aea0341b07915f7b3b4be8162d2c3e1b16a4c244,4e6c83602f31f3ae16ffc548aea0341b07915f7b3b4be8162d2c3e1b16a4c244
code_longitudinal/run_robustness.py,unchanged,92b59fb814c8d6127c5be8ff8cc8e5ebdee3985783518120e6af915a23e3013c,92b59fb814c8d6127c5be8ff8cc8e5ebdee3985783518120e6af915a23e3013c
code_longitudinal/run_rosen_benchmark.py,unchanged,969ecfb118ec23ba08ebfcdd9b7f6d112d5c198ef0ee951b47488a78cce763a0,969ecfb118ec23ba08ebfcdd9b7f6d112d5c198ef0ee951b47488a78cce763a0
code_longitudinal/run_rxc_panel_extension_v11.py,unchanged,b89b7f81c0ade2768a6180c051673418212aa64fbcb026927836213bb6d70cbe,b89b7f81c0ade2768a6180c051673418212aa64fbcb026927836213bb6d70cbe
code_longitudinal/run_targeted_mcmc_v101.py,unchanged,d9559ce8e35099ebd7c9e87e841fb199f7b4790d8b2e8bf65b5f4ec7f9853507,d9559ce8e35099ebd7c9e87e841fb199f7b4790d8b2e8bf65b5f4ec7f9853507
code_longitudinal/runtime_priority_queue.py,unchanged,c6761a75cb11074e30868730f50405b12c36d9bb52640b6b662aaa4a6a6d43c3,c6761a75cb11074e30868730f50405b12c36d9bb52640b6b662aaa4a6a6d43c3
code_longitudinal/scoped_finalizer.py,unchanged,52d3710cfc63a2e97ad0072876ab05973d95271fb5c13c4e5a782b0e1cfb663f,52d3710cfc63a2e97ad0072876ab05973d95271fb5c13c4e5a782b0e1cfb663f
code_longitudinal/scoped_pipeline.py,unchanged,075f7fd0155e87d1eaf778c7242303b47ffd9e53ee247624721c15d592b976d8,075f7fd0155e87d1eaf778c7242303b47ffd9e53ee247624721c15d592b976d8
code_longitudinal/spec_registry.py,unchanged,58ef03cadd8a677f88efe6ce66d16bf6e275a90d9a654ed060b757e18e3c8a81,58ef03cadd8a677f88efe6ce66d16bf6e275a90d9a654ed060b757e18e3c8a81
code_longitudinal/split_verified_archive.py,unchanged,3e8a7a590d7c88e421f14b0d459a7a1c32a88d465939ba6ffdea075387db3f88,3e8a7a590d7c88e421f14b0d459a7a1c32a88d465939ba6ffdea075387db3f88
code_longitudinal/summarize_r_king_ei_runtimes.py,unchanged,5380be50a4b6ee60df827ddcee81bf56ed4c61ffdc40f3965c3a746a93c20f09,5380be50a4b6ee60df827ddcee81bf56ed4c61ffdc40f3965c3a746a93c20f09
code_longitudinal/targeted_rerun_remaining.py,unchanged,666fa11722b16ce4de10396c3a787d98615d7a672f27b7db3a265fdf78b4a950,666fa11722b16ce4de10396c3a787d98615d7a672f27b7db3a265fdf78b4a950
code_longitudinal/targeted_rerun_scope.py,unchanged,869f3d728bb3b9e0a4fed3804caf2366b8011cb8095293d015341f8e9ead22a7,869f3d728bb3b9e0a4fed3804caf2366b8011cb8095293d015341f8e9ead22a7
code_longitudinal/utils.py,unchanged,3ec6af29c00165072a5026ae65926b08d0b3a0548a57feeb8cba3119a8219ae8,3ec6af29c00165072a5026ae65926b08d0b3a0548a57feeb8cba3119a8219ae8
code_longitudinal/v11_pipeline.py,unchanged,ddd1745d7a8c73a73cd0eeac6e2cbf12db4e173354835db53d37009073e6d7ef,ddd1745d7a8c73a73cd0eeac6e2cbf12db4e173354835db53d37009073e6d7ef
code_longitudinal/validate_longitudinal_panel.py,unchanged,55bb37414dd77f3f2fa26fd85f2f906d57aad86c4be92abcdaf3db95102b109c,55bb37414dd77f3f2fa26fd85f2f906d57aad86c4be92abcdaf3db95102b109c
code_longitudinal/validate_outputs.py,unchanged,835f9ffe805db2e5362e0cbe86ccede00a92e703f1470e300e4a2e2298bd8cf4,835f9ffe805db2e5362e0cbe86ccede00a92e703f1470e300e4a2e2298bd8cf4
code_longitudinal/verify_v11_handoff.py,unchanged,fec9041c2c6d72eeac42719cd47e4b4ee560e4e0ddb896950480b5e2e365eca4,fec9041c2c6d72eeac42719cd47e4b4ee560e4e0ddb896950480b5e2e365eca4
code_longitudinal/watch_r_king_and_build_outputs.py,unchanged,c8a217eb61ef8380aaa4ad87f4c440b9bc5766cd110550c1c162d81bc90cc7fe,c8a217eb61ef8380aaa4ad87f4c440b9bc5766cd110550c1c162d81bc90cc7fe
COMMENCER_ICI.md,modified,c88146b2bdfab9cc8d82cf6ab190e227f00dc07d5b07302cf94489d44ee1d73b,486207b0198b435784a0c6e2bb4e5b6c75ca6d7b9a9007d8d4efdfdf3ad305b6
config/README.md,unchanged,7dc18270329d6926972ad0ed1861e90fa12700ed93b716aa08e758b9cbc06468,7dc18270329d6926972ad0ed1861e90fa12700ed93b716aa08e758b9cbc06468
config/releases/professor_release_240.json,unchanged,2e2a711b71d966ee7267c82e91562e73d009e3293613eae436fe5c6bc99e140c,2e2a711b71d966ee7267c82e91562e73d009e3293613eae436fe5c6bc99e140c
config/releases/r_mirror_plan_v1.json,unchanged,a4e5499b0eb0d962d807e84455c1233a13bb7f4e7e1de4ce927ba0069fc6646d,a4e5499b0eb0d962d807e84455c1233a13bb7f4e7e1de4ce927ba0069fc6646d
config/releases/v1.0.2.json,unchanged,7bbfb66722e1cd2126da70496ecf192220dc4cf6a91ad5159a9c93c41cf09380,7bbfb66722e1cd2126da70496ecf192220dc4cf6a91ad5159a9c93c41cf09380
config/releases/v1.1.json,unchanged,28fa4e03a4607bdb0c1cf7551ee3934e7bbbb5626a79d1e799fb0225fca3700d,28fa4e03a4607bdb0c1cf7551ee3934e7bbbb5626a79d1e799fb0225fca3700d
config/releases/v1.1_pymc_fallback.json,unchanged,98de5198911f9fe4d60297313eb668e38e1e3ef07ae9faea34abb5e60defd59e,98de5198911f9fe4d60297313eb668e38e1e3ef07ae9faea34abb5e60defd59e
config/releases/v1.2_pymc_h6_h7.json,unchanged,e976ac3f63b11bd551c8719cadc07ff08e088089610a530bdd9e674d42e561ae,e976ac3f63b11bd551c8719cadc07ff08e088089610a530bdd9e674d42e561ae
config/releases/v1.3_pymc_h0b_h0c.json,unchanged,19a4d24282d1a702c3bd44f263e1f353b5a595a9f44966d66fb697c4d917fb06,19a4d24282d1a702c3bd44f263e1f353b5a595a9f44966d66fb697c4d917fb06
config/releases/v1.4_numpyro_h4_h5_continuation.json,unchanged,1be2cae27b449b2d0268edddf631c5d97be8272a944d713415b22423f865872d,1be2cae27b449b2d0268edddf631c5d97be8272a944d713415b22423f865872d
config/releases/v1.4_pymc_h4_h5.json,unchanged,0398b4ecc7130c525aec3780e82f294255d3e4ad3ddeaf1eba32843c74527808,0398b4ecc7130c525aec3780e82f294255d3e4ad3ddeaf1eba32843c74527808
config/releases/v1.5_retained6.json,unchanged,d7610704ce10a062ab82b797f7395c3728acecf52a4c04a08d1ab1651224112c,d7610704ce10a062ab82b797f7395c3728acecf52a4c04a08d1ab1651224112c
config/run_settings.json,unchanged,8047f881e0a9ae27e39b62391f77d75404141320eae5b2b9a545589237a533cb,8047f881e0a9ae27e39b62391f77d75404141320eae5b2b9a545589237a533cb
DONNEES_BRUTES/LISEZ_MOI.txt,modified,2d5539d559d9750502287607611d106204fbc0a43cc14b6d18a64d38da1940c6,87813b36a70403a7492244a825508b08ec3852a7c5642ecd2a8f511c72596d0e
PROVENANCE_SOURCE.md,modified,d11daab00c909ea9905802de747e0563eda765ca248bf3fbd7124d5c997a4271,cd0c3969fa64058eb7d8f0baf7b430f0241c6d8f8e3436976e9fde88922a2048
r_replication/generate_all_pair_density_figures.R,unchanged,a15c957953b165268480a36ea7d03019eae76dc5bd3f3a28c929dcd6dde5e0ae,a15c957953b165268480a36ea7d03019eae76dc5bd3f3a28c929dcd6dde5e0ae
r_replication/generate_king_ei_density_figures.R,unchanged,8c206a3f6c88d8f4a1c28bffa389d7d3bae7982438e5f56786343366110c6626,8c206a3f6c88d8f4a1c28bffa389d7d3bae7982438e5f56786343366110c6626
r_replication/king99_pyei_exact.stan,unchanged,9850edf7f4b4704fb23302ffbe7dd21ff5b2a1bf42cd1341e112f7733c086c9b,9850edf7f4b4704fb23302ffbe7dd21ff5b2a1bf42cd1341e112f7733c086c9b
r_replication/preflight_nimble.R,unchanged,90098b94616d448d4022ffb277c7473879f5e28d442405c4476dabcb31841d01,90098b94616d448d4022ffb277c7473879f5e28d442405c4476dabcb31841d01
r_replication/run_king_ei_replication.R,unchanged,61675aada24f70ef0e86ed2b97176b2252c47a623d4e88c288f6858484fdc4a9,61675aada24f70ef0e86ed2b97176b2252c47a623d4e88c288f6858484fdc4a9
r_replication/run_krt_replication.R,unchanged,5e7681138990ddd1fdc170c356127e061720e8e757da42add04d0d77995b016b,5e7681138990ddd1fdc170c356127e061720e8e757da42add04d0d77995b016b
r_replication/run_krt_replication_nimble.R,unchanged,3c3574fd6b350d930c0249aafc227b9c9df38bdb49c7d9acf59a69582e73f917,3c3574fd6b350d930c0249aafc227b9c9df38bdb49c7d9acf59a69582e73f917
r_replication/run_nls_replication.R,unchanged,aba574a4fdbd026544abea4d1ca20fc12c30cda36beacab136f508d79bf5996b,aba574a4fdbd026544abea4d1ca20fc12c30cda36beacab136f508d79bf5996b
R_REQUIREMENTS.md,unchanged,dfd1e8489fedd44cd8b0b2298e75bfedd931d178c4e4694c58d6cffb50d90e1a,dfd1e8489fedd44cd8b0b2298e75bfedd931d178c4e4694c58d6cffb50d90e1a
reproducibility/__init__.py,unchanged,2ab29cbdc99b1b6182aa2257d28931eea3108a432416a7006e2823b1fd817fa9,2ab29cbdc99b1b6182aa2257d28931eea3108a432416a7006e2823b1fd817fa9
reproducibility/AUDIT_CORRECTIONS_V2.md,unchanged,3f8c032e627f0c398ee50b611564e1e6fc64a8c7daf8f949fa5397c6f462f136,3f8c032e627f0c398ee50b611564e1e6fc64a8c7daf8f949fa5397c6f462f136
reproducibility/build_bundle.py,unchanged,6150f7737efc0bbfb099941b1e5f53a666ff8557275314caaf04a13a2fe10ad0,6150f7737efc0bbfb099941b1e5f53a666ff8557275314caaf04a13a2fe10ad0
reproducibility/CERTIFICATION_SCIENTIFIQUE_V2_2.md,modified,10ea25112f25863a0143887c713963e3b8ec7de658259cd27e77f8503143a2f4,e5e0c12e3da85bd176db88dc9c54403f531f3dc22bbfb152554bcfbca1d8ce7a
reproducibility/certify_reproduction.py,unchanged,1d288b91f332301e0cf364ff11cf7f172a22a8ded2691c0d5b0103565a0de862,1d288b91f332301e0cf364ff11cf7f172a22a8ded2691c0d5b0103565a0de862
reproducibility/check_r_environment_v2.R,modified,849c5544ce2e757e48b7eeb195acc65b87c4b27b87bba5435428d61197ab606c,025cabf2eeeadc01632bd5396d0111348f8565bc005ee9531a64d9efd486df23
reproducibility/contract_v2/certification_policy_v1.json,unchanged,84bd110b2c108300b8a0a59bc0d5d759316cd42271b4a83f1c73b44106527e87,84bd110b2c108300b8a0a59bc0d5d759316cd42271b4a83f1c73b44106527e87
reproducibility/contract_v2/critical_r_versions.json,unchanged,1a5bb006497eb9921e1fbd0d550924b10b9b9c4e38127999377ceb468d7e9aeb,1a5bb006497eb9921e1fbd0d550924b10b9b9c4e38127999377ceb468d7e9aeb
reproducibility/contract_v2/DONNEES_REQUISES.csv,unchanged,2b1f47beb3dd2abda972b8d9663672e64301e88b9f5169f99f864994b1613460,2b1f47beb3dd2abda972b8d9663672e64301e88b9f5169f99f864994b1613460
reproducibility/contract_v2/expected_results_610.json,unchanged,04afd08744ea4fd881241b938508b1e53eca7154eb716424b9cfa8b54bd873c0,04afd08744ea4fd881241b938508b1e53eca7154eb716424b9cfa8b54bd873c0
reproducibility/contract_v2/historical_docs/OUTPUT_SCHEMA.md,unchanged,27f11665119e37e3cc1ddaad534caf832a559c03ecdecc65bcbff381481977b3,27f11665119e37e3cc1ddaad534caf832a559c03ecdecc65bcbff381481977b3
reproducibility/contract_v2/historical_docs/PROFESSOR_GLOBAL_RECAP_1962_1986_2022.md,unchanged,2afbf0c736722259df7d207590ee3f4fab3959370e644a7a1b176b6d179b3ccf,2afbf0c736722259df7d207590ee3f4fab3959370e644a7a1b176b6d179b3ccf
reproducibility/contract_v2/krt_replay_240.json,unchanged,f9a9c5f6a27df41e3113887f616d3d79e39d6b86c8a8f5ff420265cd6cec3a68,f9a9c5f6a27df41e3113887f616d3d79e39d6b86c8a8f5ff420265cd6cec3a68
reproducibility/contract_v2/original_package_files.json,unchanged,84e49b85df6c0d88351d2cada31d0ca54738aa8cf759274c3ea2053f2ed411b6,84e49b85df6c0d88351d2cada31d0ca54738aa8cf759274c3ea2053f2ed411b6
reproducibility/contract_v2/panel_reference_ids.json,unchanged,4d59cc3cf07e057a6bf08821d8fb2779c2ecb2bfad0a54c42a2e37f220205445,4d59cc3cf07e057a6bf08821d8fb2779c2ecb2bfad0a54c42a2e37f220205445
reproducibility/contract_v2/panel_reference_master.csv,unchanged,b632eb346bd743ae5636aa2413ebcd7c0da0d0696af070ce0daf18ef6b96ade7,b632eb346bd743ae5636aa2413ebcd7c0da0d0696af070ce0daf18ef6b96ade7
reproducibility/contract_v2/PLAN_KRT_240.csv,unchanged,0e0284485c6ea1e50d271a2d51de6bcc4be17d2cad278c9427d44e28b2afbafb,0e0284485c6ea1e50d271a2d51de6bcc4be17d2cad278c9427d44e28b2afbafb
reproducibility/contract_v2/R_CLI_3_6_6_CRAN_RECEIPT.json,added,,87a093b7e546346bfe3acd71843e021128edcd23e23a199918871903bacf059c
reproducibility/contract_v2/r_replay_240.json,unchanged,95af07806ae460c35bd314b7929be775a175136401e680460590546d72157905,95af07806ae460c35bd314b7929be775a175136401e680460590546d72157905
reproducibility/contract_v2/raw_sources_31.json,unchanged,fca8718ff6950c3655484e5362029f6cb2a43db87364e20513af6b0eeca6a087,fca8718ff6950c3655484e5362029f6cb2a43db87364e20513af6b0eeca6a087
reproducibility/contract_v2/scope.json,unchanged,b545de1ec7cd09207d66c54e638798b4849258a14e52eedbb29505ffc2d6df3d,b545de1ec7cd09207d66c54e638798b4849258a14e52eedbb29505ffc2d6df3d
reproducibility/contract_v2/V26_PACKAGE_METADATA.json,added,,05b26d59d440891806a68fbb8b31bd3564e096735863ebbfad2937686fcc5539
reproducibility/estimation_process.py,modified,1177ff6e5fb43dcd988c25d2cb8b46b20c0ec033ac0f40f7f1c0bba90915ac94,d02222f68ea228cb7ad429a0ad4b20fdee9de3370243adbf9e70fb620474148c
reproducibility/estimation_recovery.py,unchanged,8da4971669d4ce2002a922f3b109dd4cbe70655979ce95d2ad20fdd8d33b9f6f,8da4971669d4ce2002a922f3b109dd4cbe70655979ce95d2ad20fdd8d33b9f6f
reproducibility/failure_report.py,modified,526ecf5255b4764fcc2e16964b87d3bc9de5f2493f52d43cf3b23441a50208ca,c95108a37db7173000ca86c2e433a0a2d7f40761471737261172192d0a0c6bf8
reproducibility/generated/CAPTURE_RECEIPT.json,unchanged,5dd20eadebb8dca643b0eb143b1722b9a9470ede512ea8fe0fd45457acb3b2d8,5dd20eadebb8dca643b0eb143b1722b9a9470ede512ea8fe0fd45457acb3b2d8
reproducibility/generated/code.manifest.json,unchanged,16a2d9b75baac30f2c2c0dff201481ca7ee66b17dd0d92cb2c2e727c310d4d7c,16a2d9b75baac30f2c2c0dff201481ca7ee66b17dd0d92cb2c2e727c310d4d7c
reproducibility/generated/environment.observed.json,unchanged,d0c519978ac8100c3a9db70b9b5dafed185b3696a6748ed9b30f98e9f560fde5,d0c519978ac8100c3a9db70b9b5dafed185b3696a6748ed9b30f98e9f560fde5
reproducibility/generated/execution_plan_240.csv,unchanged,114b65888ec9f23128c7f90cd87a32f9ea5a49a00c2e7941efe2c0f6cae14268,114b65888ec9f23128c7f90cd87a32f9ea5a49a00c2e7941efe2c0f6cae14268
reproducibility/generated/execution_plan_240.json,unchanged,ba98452338aafa6233bc2391b581c1943141a1dc989de26b2fc266f5fb4742c5,ba98452338aafa6233bc2391b581c1943141a1dc989de26b2fc266f5fb4742c5
reproducibility/generated/inputs.manifest.json,unchanged,4b8a04468e58d81bf988f57168802bb965d22de68112f75aef78eecad107f818,4b8a04468e58d81bf988f57168802bb965d22de68112f75aef78eecad107f818
reproducibility/generated/outputs.manifest.json,unchanged,19e5c1118fa3cf31c6731b40acf8a3823e8baecfa7283759552553290d2f0039,19e5c1118fa3cf31c6731b40acf8a3823e8baecfa7283759552553290d2f0039
reproducibility/mini_replay_2022.py,unchanged,94c679987ac264676fdd5ed88c4851273abaf544fe252c5a4747539affcc530f,94c679987ac264676fdd5ed88c4851273abaf544fe252c5a4747539affcc530f
reproducibility/presentation/compose_slide_figures.ps1,unchanged,b544505af3c87e444dc24fe4b0b637de96c1183af4634146fcf05f35a3f5892b,b544505af3c87e444dc24fe4b0b637de96c1183af4634146fcf05f35a3f5892b
reproducibility/presentation/GUIDE_EXPLICATION_SLIDES_LONGITUDINAL.pdf,unchanged,f6d93a70503ede85a6a5ffb87ea75ea604b3e5311a0cc34974bee44b5e4b053f,f6d93a70503ede85a6a5ffb87ea75ea604b3e5311a0cc34974bee44b5e4b053f
reproducibility/presentation/PRESENTATION_BRIEF.json,unchanged,8fa0c5f1206c2ca2b5c39db37c51e439091bc227e77585a265f52aa90de0de52,8fa0c5f1206c2ca2b5c39db37c51e439091bc227e77585a265f52aa90de0de52
reproducibility/presentation/PRESENTATION_RESULTATS_240.source.pptx,unchanged,a4ca6f65c5d4c8c6c8aa2d60abc4a91767df18b846619e038333a4b9a9a173e2,a4ca6f65c5d4c8c6c8aa2d60abc4a91767df18b846619e038333a4b9a9a173e2
reproducibility/presentation/PRESENTATION_SOURCE_MANIFEST.json,unchanged,5c54546779cc070ecc886399f54ac8c8178c6cd85182ed663f5d78d41d4d5729,5c54546779cc070ecc886399f54ac8c8178c6cd85182ed663f5d78d41d4d5729
reproducibility/presentation/PRESENTATION_SOURCE_NOTES.txt,unchanged,1fe55a81d6871ca5c3c48c05948786aac6f6e939e3515ba2385440cfdae866ce,1fe55a81d6871ca5c3c48c05948786aac6f6e939e3515ba2385440cfdae866ce
reproducibility/r-packages.lock.json,modified,d563e46b8caf32f962c4a4fa6fb0b33f8cfe270b7ec135eddb70d47251685717,4bb51080c4c2298b1c00996c3d970c0875c526bdb7a9ba1fb9741da1d51b0d86
reproducibility/r-runtime-library-manifest.json,modified,48436d09c4ade4ece850f0b108ce882f5cf3d0bac2be13b69729edea19d36e0f,bb8b411975cc658b960e29f6dffffd4aa61530c8afc82d0818be0939b8a136c2
reproducibility/README.md,modified,d20a552a13b42465b0d7341e668c4856e0226d32d44b66ac8800db08c4bdec4b,dd944106f89da3588d153fa5d9ed4a746fb7d2bb441d554a849c55193b1fe89c
reproducibility/reference/rxc_ineligible_audit.csv,unchanged,4eb4574d76e073315a0d02649a1c87902298d2af2a53fc3ddb62900107a8ad81,4eb4574d76e073315a0d02649a1c87902298d2af2a53fc3ddb62900107a8ad81
reproducibility/render_scope_reference.py,unchanged,8d2738ae44ed58c3fdae78fee12a675de903a1abb713e65991107312ebff0236,8d2738ae44ed58c3fdae78fee12a675de903a1abb713e65991107312ebff0236
reproducibility/replication_complete.py,modified,f7374f8288943cd69e624c114870537c2c69de8e52a19a3c3554681165c5f137,493e41af1b1f32330d51d63168141d6024d94be236d5d22b3eec35605fb6a7d3
reproducibility/replication_scope.py,unchanged,0ea9382673013ef5ed6bd2801d792758ce5e89224b8317fbbf357693718b6cfa,0ea9382673013ef5ed6bd2801d792758ce5e89224b8317fbbf357693718b6cfa
reproducibility/report/RAPPORT_LONGITUDINAL.source.pdf,unchanged,a928bb7a0402b0abc0c30855fe1ca2598fb776931e87f9989419d0979f998501,a928bb7a0402b0abc0c30855fe1ca2598fb776931e87f9989419d0979f998501
reproducibility/report/RAPPORT_LONGITUDINAL.template.html,unchanged,992c32267141892be661a53646a88c913c3a67390a14eaba4e7b0df2163a0abe,992c32267141892be661a53646a88c913c3a67390a14eaba4e7b0df2163a0abe
reproducibility/report/REPORT_SOURCE_MANIFEST.json,unchanged,e4d777272f795717d6aec6b8975c9438bdcd426f7e294aa5587b72a3bd6d1171,e4d777272f795717d6aec6b8975c9438bdcd426f7e294aa5587b72a3bd6d1171
reproducibility/repro.py,unchanged,78ac67ea3bc030e17c15e91f1eaace4bd0e90c57d07c42027a4d4ee31736a8fc,78ac67ea3bc030e17c15e91f1eaace4bd0e90c57d07c42027a4d4ee31736a8fc
reproducibility/reproduce.ps1,unchanged,e0f589e78a7b6acc3ba175bd215222ad5c17f86a6aa9b9caba335eff32a470bc,e0f589e78a7b6acc3ba175bd215222ad5c17f86a6aa9b9caba335eff32a470bc
reproducibility/requirements-python312.lock.txt,unchanged,558a77df9537688f11dbd2663778d4b2c660219e85a0a01bf7bbad1573daa01e,558a77df9537688f11dbd2663778d4b2c660219e85a0a01bf7bbad1573daa01e
reproducibility/restore_presentation.py,unchanged,f584b3641e0fffe8ea11963c650abb97012ca1323283f362a2d2b15a65ef219d,f584b3641e0fffe8ea11963c650abb97012ca1323283f362a2d2b15a65ef219d
reproducibility/restore_r_environment.R,unchanged,4d8fe7b9d11b3daa7f8d56374faa866a7636a2e68742c5206bfdfc62d21d2ccd,4d8fe7b9d11b3daa7f8d56374faa866a7636a2e68742c5206bfdfc62d21d2ccd
reproducibility/restore_report.py,unchanged,8d44ff1b73f5c05dc21d9436cd43b7309a1c83c95de51e1cc4b17454d7c3da25,8d44ff1b73f5c05dc21d9436cd43b7309a1c83c95de51e1cc4b17454d7c3da25
reproducibility/result_scope.py,unchanged,8db76941cb3bfac86185d9f974ba518a6ef4de6b00f2a4f921e100ea22962bdc,8db76941cb3bfac86185d9f974ba518a6ef4de6b00f2a4f921e100ea22962bdc
reproducibility/test_scoped_delivery_builders.py,unchanged,83bf22dfb6817808929b422b158bb7394f4d7623d597a90e042579ce1a349d53,83bf22dfb6817808929b422b158bb7394f4d7623d597a90e042579ce1a349d53
reproducibility/tests_v2/test_certification.py,unchanged,ab63f71a2ad32a9404200e98526d24b00cc0b486af4074833f65b493650fe76a,ab63f71a2ad32a9404200e98526d24b00cc0b486af4074833f65b493650fe76a
reproducibility/tests_v2/test_certification_scope.py,unchanged,8d421f175ee62c361d8e655ab745265c774042f4e2fc85fc28a19a6782cfb098,8d421f175ee62c361d8e655ab745265c774042f4e2fc85fc28a19a6782cfb098
reproducibility/tests_v2/test_covariate_lookup_scope.py,unchanged,7feaee970c2683ea386548e6054ec74b29eb1d75caebac40260f225e7b86699d,7feaee970c2683ea386548e6054ec74b29eb1d75caebac40260f225e7b86699d
reproducibility/tests_v2/test_estimation_failure_integration.py,unchanged,325130aad4c980a7c5c1c1e584f331fa1e63ce9ffb21b7a2647e7d692f57d9b1,325130aad4c980a7c5c1c1e584f331fa1e63ce9ffb21b7a2647e7d692f57d9b1
reproducibility/tests_v2/test_estimation_process.py,modified,f816e40d6446a93f412e14fc212b5d33c17f8933322d2b3f28e306b315dfa042,28ace3a352db6a6972014eb821f1a3b36606c22761f5492f45ef4bfd78a8eca6
reproducibility/tests_v2/test_estimation_recovery.py,unchanged,a2a7d53ea050e116718bb9e1db8c849d164410539df06da96cc1a17909c09d8b,a2a7d53ea050e116718bb9e1db8c849d164410539df06da96cc1a17909c09d8b
reproducibility/tests_v2/test_failure_report.py,modified,e4f6d8da7354f313b9193ac299607dfcbbfdfe6de36eeee92bf15b4eb958e0e0,ac5f1eb0f74776ea1b9ebd5b49d609323aa08f3b1af96717d6956697df96a4a4
reproducibility/tests_v2/test_historical_asset_assembly.py,unchanged,30c97231d245db6f6814916df10f414b87bcb03e0162c4a2753856def33286d9,30c97231d245db6f6814916df10f414b87bcb03e0162c4a2753856def33286d9
reproducibility/tests_v2/test_krt_recovery_outputs.py,unchanged,79248d96872138c0db6b9ff658c9d7168cb7e677d35fc4cb0b5a117630c5f9f9,79248d96872138c0db6b9ff658c9d7168cb7e677d35fc4cb0b5a117630c5f9f9
reproducibility/tests_v2/test_mini_replay_2022.py,unchanged,9e2e7a59ee9d14dc9d5e6215f6edf1b38e5a039ef6c566c4cf9bf46d03f2181a,9e2e7a59ee9d14dc9d5e6215f6edf1b38e5a039ef6c566c4cf9bf46d03f2181a
reproducibility/tests_v2/test_production_scope.py,modified,2eb385ef582ccf0986f4a17e06af790a06bf5cd858eb459bd49efb660b3a86d5,e060924ceab3318139cd3004fcf712ca26f7816ad54228f8fdb24f51cc0d0c2b
reproducibility/tests_v2/test_r_replay.py,unchanged,7f4bdb1362136d7fc58d066a9b3cd0d33f68b36d75cb157a7dba3cd6ce9d8420,7f4bdb1362136d7fc58d066a9b3cd0d33f68b36d75cb157a7dba3cd6ce9d8420
reproducibility/tests_v2/test_replication.py,modified,17fec3e2cf78bcb7eccc749c032f3bfce45a0d89e7d6869ab8e2ee037fcf7314,9665b427b116f217764f3cb43bf632b852d302b6f7850c95eb8823e1de0882dd
reproducibility/tests_v2/test_supervised_dispatch.py,unchanged,f8532f464410e04c0f935416b64344f34f18b247cc4e1f22bd6e7a27b8f2a225,f8532f464410e04c0f935416b64344f34f18b247cc4e1f22bd6e7a27b8f2a225
REPRODUIRE_TOUT.ps1,modified,1ea53589770852f744303629a1cd81e5f6f90af5b7e82d7d383fd16b1f15192e,4a2c4bdfeadc20222ce65fddb381d3b40eb9498dbb151264d7441b74387079c1
requirements-handoff-v1.1.txt,unchanged,1bb6af05d5b642a04f7e58732297ea606bf7d07ce41e7f66946aea3d56ed2116,1bb6af05d5b642a04f7e58732297ea606bf7d07ce41e7f66946aea3d56ed2116
requirements-production-v101.txt,unchanged,c46e0c2e6abeb199a86de832ff8939f5db2262c21aab550a6e89c298020e0dd5,c46e0c2e6abeb199a86de832ff8939f5db2262c21aab550a6e89c298020e0dd5
TELECHARGER_DONNEES_BRUTES.ps1,added,,1fb878ba78ffc870edebd65d49ead04b4fc1640c5ec223ea61e9317799e21d05
tests/conftest.py,unchanged,a58851994ee127540398466fc7a69af13991e1aecfefda3d58c0590111183780,a58851994ee127540398466fc7a69af13991e1aecfefda3d58c0590111183780
tests/README.md,unchanged,83bcaf94ec692f60159893a539d9e395bc92480550507656cc3ef249205e42b2,83bcaf94ec692f60159893a539d9e395bc92480550507656cc3ef249205e42b2
tests/test_consolidation_core.py,unchanged,ee2629fe28d73992d2b5d52ab77fe2fb6f1580f43eb5887293aefdfd55bb62a8,ee2629fe28d73992d2b5d52ab77fe2fb6f1580f43eb5887293aefdfd55bb62a8
tests/test_density_figures_v2.py,unchanged,10a5140e2634025f32413ca7bf9de01ce97ccbea863079daaeb0b7eb2041786c,10a5140e2634025f32413ca7bf9de01ce97ccbea863079daaeb0b7eb2041786c
tests/test_density_report_atlas.py,unchanged,f5576892978d7ee38301758843f2ab2fa9ff2fa5a124144a706078891430d526,f5576892978d7ee38301758843f2ab2fa9ff2fa5a124144a706078891430d526
tests/test_diagnostics_v2.py,unchanged,6b279d50bbbed45088ce2b4ffac025bf9ad3707f2a9e5a0f41a2a05da9e537ad,6b279d50bbbed45088ce2b4ffac025bf9ad3707f2a9e5a0f41a2a05da9e537ad
tests/test_finalize_priority_results_3000.py,unchanged,10db779f69f2f5eaa3887c4a8c1ccd1a618b2c486ce7a1d049bf4c0fcb406c86,10db779f69f2f5eaa3887c4a8c1ccd1a618b2c486ce7a1d049bf4c0fcb406c86
tests/test_h23_pilot_gate.py,unchanged,379a9c7237d267b3cb015d81e7a569d42a655cf887e0b1cb0a2ae3094b8d73eb,379a9c7237d267b3cb015d81e7a569d42a655cf887e0b1cb0a2ae3094b8d73eb
tests/test_h23_supervisor.py,unchanged,9b70d974153aff1b647ce364eb6c2150f66dd3c066a9e7ffd6036479b0b0026c,9b70d974153aff1b647ce364eb6c2150f66dd3c066a9e7ffd6036479b0b0026c
tests/test_identification_v2.py,unchanged,783bab0a7b7d68f0214a64c2a0d9707f9c1741aa27168de6d7ef79ce5d93dd96,783bab0a7b7d68f0214a64c2a0d9707f9c1741aa27168de6d7ef79ce5d93dd96
tests/test_illustrated_report.py,unchanged,06e7d851adedc5ef8ff33f8a33b6ee1211446d5ea4e7387edaa04429cc6492d3,06e7d851adedc5ef8ff33f8a33b6ee1211446d5ea4e7387edaa04429cc6492d3
tests/test_longitudinal_v1.py,unchanged,360fab2574444b426b0eb73cfd5f5daca8441fa28a3e5d77267d5d831bb15a86,360fab2574444b426b0eb73cfd5f5daca8441fa28a3e5d77267d5d831bb15a86
tests/test_nls.py,unchanged,27cbc9067cd4ddaa689b3a6ac59f8fe831ccceccb69d1b4cd2834b49bc089997,27cbc9067cd4ddaa689b3a6ac59f8fe831ccceccb69d1b4cd2834b49bc089997
tests/test_nls_priority_v2.py,unchanged,669bef1055802ead725b0868c243ad3e79f23f99fbf3ff58fba02e0c5e5f89e0,669bef1055802ead725b0868c243ad3e79f23f99fbf3ff58fba02e0c5e5f89e0
tests/test_outputs.py,unchanged,f9d8c5647aa727087a63a52240264290158a910dfbb3e65ef5d8c9e1c1af4330,f9d8c5647aa727087a63a52240264290158a910dfbb3e65ef5d8c9e1c1af4330
tests/test_panel.py,unchanged,82f5085dc4b7a741375bdf389ce5909396a8a36c86b528c85658cf2a777403b8,82f5085dc4b7a741375bdf389ce5909396a8a36c86b528c85658cf2a777403b8
tests/test_panel_2000_integrity_audit.py,unchanged,5158555a8cd227562a3d8356e7951656623fa38cda304df7c46e6aff21a7db74,5158555a8cd227562a3d8356e7951656623fa38cda304df7c46e6aff21a7db74
tests/test_partitions.py,unchanged,80c0b66f1aab57c3c165d6f683ea92229ed30fc67bf6105e3e96baaa52ab7880,80c0b66f1aab57c3c165d6f683ea92229ed30fc67bf6105e3e96baaa52ab7880
tests/test_postprocess_aggregates_v2.py,unchanged,5c154c4e4068ce47a61d89ba584ebd4696c8ccb67cc014d857852fb93d91e92f,5c154c4e4068ce47a61d89ba584ebd4696c8ccb67cc014d857852fb93d91e92f
tests/test_ppc_v2.py,unchanged,59acfd2d3a1073d44baa69ba3101cb60826b86fcb61cff1b6275800aacd847de,59acfd2d3a1073d44baa69ba3101cb60826b86fcb61cff1b6275800aacd847de
tests/test_priority_production.py,unchanged,8db2e46474f4fa705e9ae3450476923e9fe423dc35be979dd6a33fd468be2f37,8db2e46474f4fa705e9ae3450476923e9fe423dc35be979dd6a33fd468be2f37
tests/test_priority_production_v2.py,unchanged,c58fde773e9c046d8683e258f7b11173e72deeea5d707f3d90fa07349ac2b2fa,c58fde773e9c046d8683e258f7b11173e72deeea5d707f3d90fa07349ac2b2fa
tests/test_production_code_bundle_v101.py,unchanged,f39ba015fb8ca682708427d26a264311d3d398b000798cb4f93bad2e3067d8db,f39ba015fb8ca682708427d26a264311d3d398b000798cb4f93bad2e3067d8db
tests/test_r_krt_exact_pipeline.py,unchanged,9620c6dbfb2966d28d183ab1a083ab1da4188a2b50f72ed3e74bc4737f951f4b,9620c6dbfb2966d28d183ab1a083ab1da4188a2b50f72ed3e74bc4737f951f4b
tests/test_release_scope.py,unchanged,2de7c276183c31d06d5c0c8e840028012c78bd318a55bbb321e81b25a4c42622,2de7c276183c31d06d5c0c8e840028012c78bd318a55bbb321e81b25a4c42622
tests/test_release_v101.py,unchanged,f35f7e36cc9815abba4126144e54881c0e1e41a817faf92359637ba070b2d896,f35f7e36cc9815abba4126144e54881c0e1e41a817faf92359637ba070b2d896
tests/test_retained6_scope.py,unchanged,87af54efc97dde799cb6d2a81f1469920cc362b4ebad40abaadde7ccd61f9ebd,87af54efc97dde799cb6d2a81f1469920cc362b4ebad40abaadde7ccd61f9ebd
tests/test_rscript_discovery.py,unchanged,a28c4f07cdefefff8dc1273d6d623c11802bf8859c0fa2c931a0fa66726ee570,a28c4f07cdefefff8dc1273d6d623c11802bf8859c0fa2c931a0fa66726ee570
tests/test_rxc_panel_extension_v11.py,unchanged,510e9e67e1f3ae1712050a2119a6b846ed29c420b88934842a46bf778361451e,510e9e67e1f3ae1712050a2119a6b846ed29c420b88934842a46bf778361451e
tests/test_targeted_rerun_remaining.py,unchanged,e75d97bcd66b0ca691e2bd69ac7916d089831d47858e989cb6a774d80b67d968,e75d97bcd66b0ca691e2bd69ac7916d089831d47858e989cb6a774d80b67d968
tests/test_targeted_rerun_scope.py,unchanged,d902d6515f096517d1e77db365cdc674422ba5760a9ee2cf332c6bc6856beb26,d902d6515f096517d1e77db365cdc674422ba5760a9ee2cf332c6bc6856beb26
tests/test_v11_release_tools.py,unchanged,78ef984bcdf57e0d2777c29910d7508a70aaf39ec6626637d86412d32aa58a33,78ef984bcdf57e0d2777c29910d7508a70aaf39ec6626637d86412d32aa58a33
